episode,frames,episode_reward,episode_len,epsilon,loss,success
1,100,0,100,0.9994722222222222,0.00013591380081999122,0
2,200,0,100,0.9989444444444444,3.891359579029085e-05,0
3,300,0,100,0.9984166666666666,3.279703647422139e-05,0
4,400,0,100,0.9978888888888889,2.8950081987204612e-05,0
5,500,0,100,0.9973611111111111,2.6971591996698407e-05,0
6,600,0,100,0.9968333333333333,2.0425795946721335e-05,0
7,700,0,100,0.9963055555555556,2.02743085583279e-05,0
8,800,0,100,0.9957777777777778,2.5452131608290075e-05,0
9,900,0,100,0.99525,2.28500681805599e-05,0
10,1000,0,100,0.9947222222222222,2.04226118967199e-05,0
11,1100,0,100,0.9941944444444445,0.00013192787369916914,0
12,1200,0,100,0.9936666666666667,2.0991206322378276e-05,0
13,1300,0,100,0.9931388888888889,9.480277203692821e-06,0
14,1400,0,100,0.9926111111111111,6.976663651130366e-06,0
15,1500,0,100,0.9920833333333333,7.425939670611114e-06,0
16,1600,0,100,0.9915555555555555,9.521716276594815e-06,0
17,1700,0,100,0.9910277777777777,7.3613500183000725e-06,0
18,1800,0,100,0.9905,7.709771623467531e-06,0
19,1900,0,100,0.9899722222222223,7.022597546892939e-06,0
20,2000,0,100,0.9894444444444445,5.341577647186568e-06,0
21,2100,0,100,0.9889166666666667,9.435056514121242e-05,0
22,2200,0,100,0.9883888888888889,2.6232353757222882e-05,0
23,2300,0,100,0.9878611111111111,1.5306690634133702e-05,0
24,2400,0,100,0.9873333333333333,1.4330196777336823e-05,0
25,2500,0,100,0.9868055555555556,6.940929324628087e-06,0
26,2600,0,100,0.9862777777777778,1.0648504214714194e-05,0
27,2700,0,100,0.98575,7.597499592293388e-06,0
28,2800,0,100,0.9852222222222222,7.102624335857399e-06,0
29,2858,0.478,58,0.9849161111111111,1.0574193711049858e-05,1
30,2958,0,100,0.9843883333333333,7.399434953981653e-05,0
31,3058,0,100,0.9838605555555555,0.00011864048471124989,0
32,3158,0,100,0.9833327777777778,7.073293137182191e-05,0
33,3258,0,100,0.982805,3.1046915551087296e-05,0
34,3358,0,100,0.9822772222222222,3.7540962043749456e-05,0
35,3458,0,100,0.9817494444444445,1.3306561286299256e-05,0
36,3501,0.613,43,0.9815225,1.1494329862406906e-05,1
37,3601,0,100,0.9809947222222222,8.964031879941103e-06,0
38,3683,0.262,82,0.9805619444444444,8.904457586584436e-06,1
39,3783,0,100,0.9800341666666667,0.00010084790394557786,0
40,3883,0,100,0.9795063888888889,2.2785151691095963e-05,0
41,3983,0,100,0.9789786111111111,6.520628845009924e-05,0
42,4083,0,100,0.9784508333333334,0.00018484209719190402,0
43,4183,0,100,0.9779230555555556,0.00012023102514831408,0
44,4283,0,100,0.9773952777777778,5.5525202424178135e-05,0
45,4383,0,100,0.9768675,4.9751902215575685e-05,0
46,4417,0.694,34,0.9766880555555556,6.355789128065226e-05,1
47,4517,0,100,0.9761602777777778,0.00015325214786116704,0
48,4617,0,100,0.9756325,0.0001161481231883954,0
49,4717,0,100,0.9751047222222222,2.22870175684875e-05,0
50,4817,0,100,0.9745769444444444,0.00012010435303182021,0
51,4917,0,100,0.9740491666666666,3.8026299830562496e-05,0
52,4929,0.892,12,0.9739858333333333,1.7697709381536697e-05,1
53,5029,0,100,0.9734580555555555,0.00031365337687930153,0
54,5129,0,100,0.9729302777777777,0.0003256334563775454,0
55,5229,0,100,0.9724025,0.00020333197797299364,0
56,5329,0,100,0.9718747222222223,0.00026837182536837645,0
57,5429,0,100,0.9713469444444445,0.0001333446798071236,0
58,5529,0,100,0.9708191666666667,6.137119663435442e-05,0
59,5629,0,100,0.9702913888888889,0.00012294564525291206,0
60,5643,0.874,14,0.9702175,0.0003017469893425836,1
61,5645,0.982,2,0.9702069444444444,2.597189995867666e-05,1
62,5745,0,100,0.9696791666666666,0.00044192709404342165,0
63,5845,0,100,0.9691513888888889,0.0006754098602323211,0
64,5945,0,100,0.9686236111111111,0.00020458889520341472,0
65,6045,0,100,0.9680958333333334,0.0005780864841381117,0
66,6145,0,100,0.9675680555555556,0.00044511402185889895,0
67,6180,0.685,35,0.9673833333333334,0.00013741515556050997,1
68,6280,0,100,0.9668555555555556,0.000322765515120409,0
69,6380,0,100,0.9663277777777778,0.00025179016614856664,0
70,6480,0,100,0.9658,0.00041845469349937047,0
71,6580,0,100,0.9652722222222222,0.00022519070769703832,0
72,6680,0,100,0.9647444444444444,0.00011791918798735423,0
73,6780,0,100,0.9642166666666667,0.0001008074137098447,0
74,6880,0,100,0.9636888888888889,0.0001381617842343985,0
75,6980,0,100,0.9631611111111111,8.536997628652898e-05,0
76,7080,0,100,0.9626333333333333,0.0005674071750581788,0
77,7180,0,100,0.9621055555555555,0.0005123396546696312,0
78,7280,0,100,0.9615777777777778,0.00040537136264902075,0
79,7380,0,100,0.96105,0.00018918978024885292,0
80,7480,0,100,0.9605222222222223,0.00028188440592202824,0
81,7580,0,100,0.9599944444444445,0.0001797500907923677,0
82,7680,0,100,0.9594666666666667,0.00014780294288357253,0
83,7780,0,100,0.9589388888888889,0.00014362383271873113,0
84,7880,0,100,0.9584111111111111,0.00012337280459178145,0
85,7980,0,100,0.9578833333333333,8.255184309746255e-05,0
86,8080,0,100,0.9573555555555555,0.0006669235244771698,0
87,8180,0,100,0.9568277777777778,0.0006488478914252482,0
88,8280,0,100,0.9563,0.0005731220477173338,0
89,8380,0,100,0.9557722222222222,0.0004083794740290614,0
90,8480,0,100,0.9552444444444445,0.00026483558489417194,0
91,8509,0.739,29,0.9550913888888889,0.0002283183378588954,1
92,8521,0.892,12,0.9550280555555556,0.0002523383112323548,1
93,8621,0,100,0.9545002777777778,0.00018943490027595544,0
94,8721,0,100,0.9539725,0.00022191771393408998,0
95,8821,0,100,0.9534447222222222,0.0004746138352857088,0
96,8921,0,100,0.9529169444444444,0.0001550758986377332,0
97,9021,0,100,0.9523891666666666,0.0005349740276506055,0
98,9121,0,100,0.9518613888888889,0.0007821058086119592,0
99,9221,0,100,0.9513336111111111,0.0006038348983565811,0
100,9321,0,100,0.9508058333333334,0.00038170286003150975,0
101,9421,0,100,0.9502780555555556,0.0003645970691286493,0
102,9521,0,100,0.9497502777777778,0.00043927928403718396,0
103,9621,0,100,0.9492225,0.00027651625423459337,0
104,9721,0,100,0.9486947222222222,0.0003951733352005249,0
105,9821,0,100,0.9481669444444445,0.00023112768794817385,0
106,9921,0,100,0.9476391666666667,0.00019945933057897492,0
107,10021,0,100,0.9471113888888889,0.0004172630790344556,0
108,10040,0.829,19,0.9470111111111111,0.0010416257979446336,1
109,10140,0,100,0.9464833333333333,0.0010075326413789298,0
110,10240,0,100,0.9459555555555555,0.0006699048182053957,0
111,10259,0.829,19,0.9458552777777778,0.00037429661728980904,1
112,10359,0,100,0.9453275,0.0006057949001842644,0
113,10459,0,100,0.9447997222222222,0.0005085623588820453,0
114,10559,0,100,0.9442719444444444,0.0004351862137991702,0
115,10659,0,100,0.9437441666666667,0.00042425278144946787,0
116,10759,0,100,0.9432163888888889,0.00034925771367852573,0
117,10859,0,100,0.9426886111111111,0.00031090565738850273,0
118,10959,0,100,0.9421608333333333,0.00023370888804493005,0
119,11059,0,100,0.9416330555555555,0.0006601093760036747,0
120,11159,0,100,0.9411052777777777,0.0008151409481070005,0
121,11259,0,100,0.9405775,0.0005801975540089188,0
122,11359,0,100,0.9400497222222223,0.0004486255708616227,0
123,11459,0,100,0.9395219444444445,0.00036889938433887437,0
124,11559,0,100,0.9389941666666667,0.0003991733623115579,0
125,11659,0,100,0.9384663888888889,0.0003446604657074204,0
126,11759,0,100,0.9379386111111111,0.00030744555813726036,0
127,11859,0,100,0.9374108333333333,0.0003162418385909405,0
128,11959,0,100,0.9368830555555555,0.00027269778634945394,0
129,12059,0,100,0.9363552777777777,0.0006259173341095447,0
130,12159,0,100,0.9358275,0.0005934615943988319,0
131,12259,0,100,0.9352997222222222,0.0005256339364859741,0
132,12359,0,100,0.9347719444444444,0.00043268706649541856,0
133,12459,0,100,0.9342441666666667,0.0004931673577812035,0
134,12559,0,100,0.9337163888888889,0.0004421414346143138,0
135,12659,0,100,0.9331886111111111,0.0003794612435740419,0
136,12759,0,100,0.9326608333333333,0.0003212535279453732,0
137,12799,0.6399999999999999,40,0.9324497222222222,0.00039071099454304206,1
138,12899,0,100,0.9319219444444444,0.0003240781687782146,0
139,12999,0,100,0.9313941666666666,0.00028343515616143124,0
140,13099,0,100,0.9308663888888888,0.0009049092748318799,0
141,13199,0,100,0.9303386111111112,0.000656950796401361,0
142,13299,0,100,0.9298108333333334,0.0005115632222441491,0
143,13399,0,100,0.9292830555555556,0.0004680089010798838,0
144,13499,0,100,0.9287552777777778,0.00048354470942285843,0
145,13599,0,100,0.9282275,0.0004488769754243549,0
146,13699,0,100,0.9276997222222222,0.000429819387209136,0
147,13799,0,100,0.9271719444444444,0.00044628354313317684,0
148,13899,0,100,0.9266441666666667,0.0003515593033807818,0
149,13999,0,100,0.9261163888888889,0.00031328685625339856,0
150,14099,0,100,0.9255886111111111,0.0006932446651626378,0
151,14199,0,100,0.9250608333333333,0.0006166178089915775,0
152,14299,0,100,0.9245330555555555,0.0005873301595420344,0
153,14399,0,100,0.9240052777777777,0.00041723249145434236,0
154,14417,0.838,18,0.9239102777777778,0.0006253557051725996,1
155,14517,0,100,0.9233825,0.000534601630497491,0
156,14617,0,100,0.9228547222222222,0.00035247414190962443,0
157,14717,0,100,0.9223269444444444,0.00045129290607292204,0
158,14817,0,100,0.9217991666666667,0.0003713063978648279,0
159,14832,0.865,15,0.92172,0.0003359692646578575,1
160,14883,0.5409999999999999,51,0.9214508333333333,0.00036881568410214693,1
161,14983,0,100,0.9209230555555555,0.0005065275460219709,0
162,15083,0,100,0.9203952777777777,0.0007338905880169477,0
163,15183,0,100,0.9198675000000001,0.0006177703395951539,0
164,15283,0,100,0.9193397222222223,0.0006133479328127578,0
165,15383,0,100,0.9188119444444445,0.0004978837541420944,0
166,15483,0,100,0.9182841666666667,0.0004610915380180813,0
167,15583,0,100,0.9177563888888889,0.0005250699957832694,0
168,15683,0,100,0.9172286111111111,0.0003979277821781579,0
169,15783,0,100,0.9167008333333333,0.00035270119049528147,0
170,15883,0,100,0.9161730555555556,0.0003935738622385543,0
171,15983,0,100,0.9156452777777778,0.000358263964226353,0
172,16083,0,100,0.9151175,0.0006460099411197006,0
173,16183,0,100,0.9145897222222222,0.0006700078761787153,0
174,16283,0,100,0.9140619444444444,0.0006106457942223642,0
175,16383,0,100,0.9135341666666666,0.0006220449667307548,0
176,16483,0,100,0.9130063888888889,0.0005612078358535655,0
177,16583,0,100,0.9124786111111112,0.0004459667199989781,0
178,16638,0.5049999999999999,55,0.9121883333333334,0.0004356739796507596,1
179,16738,0,100,0.9116605555555556,0.0004722287585173035,0
180,16804,0.4059999999999999,66,0.9113122222222222,0.00044779672801572207,1
181,16904,0,100,0.9107844444444444,0.00042138584612985144,0
182,17004,0,100,0.9102566666666667,0.0003915471911750501,0
183,17104,0,100,0.9097288888888889,0.0007789121448877268,0
184,17204,0,100,0.9092011111111111,0.0008447247384174261,0
185,17304,0,100,0.9086733333333333,0.000744695143221179,0
186,17404,0,100,0.9081455555555555,0.0006183993087324779,0
187,17504,0,100,0.9076177777777777,0.0006036304986628238,0
188,17604,0,100,0.90709,0.0005794919769687112,0
189,17704,0,100,0.9065622222222223,0.0004620262906246353,0
190,17804,0,100,0.9060344444444445,0.0005252691379428143,0
191,17904,0,100,0.9055066666666667,0.00047837153942964505,0
192,18004,0,100,0.9049788888888889,0.0005165653968288098,0
193,18104,0,100,0.9044511111111111,0.0007714595827565063,0
194,18204,0,100,0.9039233333333333,0.000772654101747321,0
195,18241,0.667,37,0.9037280555555556,0.0006962057511397713,1
196,18341,0,100,0.9032002777777778,0.00045434490268235093,0
197,18441,0,100,0.9026725,0.0007829781735199504,0
198,18541,0,100,0.9021447222222222,0.0005718550457095261,0
199,18641,0,100,0.9016169444444444,0.00043742353591369465,0
200,18741,0,100,0.9010891666666667,0.0005705054086865857,0
201,18841,0,100,0.9005613888888889,0.0005688980608829297,0
202,18941,0,100,0.9000336111111111,0.00044598297761694994,0
203,19041,0,100,0.8995058333333333,0.0007095148161170073,0
204,19141,0,100,0.8989780555555555,0.0008003788604401052,0
205,19241,0,100,0.8984502777777778,0.0007757505247718655,0
206,19341,0,100,0.8979225,0.000679865204001544,0
207,19441,0,100,0.8973947222222223,0.0007080637180479244,0
208,19541,0,100,0.8968669444444445,0.0006155193697486538,0
209,19641,0,100,0.8963391666666667,0.0006481899990467355,0
210,19741,0,100,0.8958113888888889,0.0006056258414173499,0
211,19841,0,100,0.8952836111111111,0.0005249384925991763,0
212,19941,0,100,0.8947558333333333,0.0007095802607364021,0
213,20041,0,100,0.8942280555555555,0.0007749838897143491,0
214,20141,0,100,0.8937002777777778,0.000702897659939481,0
215,20241,0,100,0.8931725,0.0008241841285780537,0
216,20341,0,100,0.8926447222222222,0.0007036784500814975,0
217,20441,0,100,0.8921169444444444,0.0005839027774345595,0
218,20541,0,100,0.8915891666666667,0.0007083387432794552,0
219,20641,0,100,0.8910613888888889,0.0006624134623416467,0
220,20741,0,100,0.8905336111111111,0.0006317454906820785,0
221,20841,0,100,0.8900058333333334,0.0005514073425001698,0
222,20941,0,100,0.8894780555555556,0.0005242933005501982,0
223,21036,0.14500000000000002,95,0.8889766666666666,0.000854680057933652,1
224,21136,0,100,0.8884488888888888,0.0009741372696589678,0
225,21236,0,100,0.8879211111111112,0.0009528412111103534,0
226,21336,0,100,0.8873933333333334,0.000880979016656056,0
227,21436,0,100,0.8868655555555556,0.0009327644099539612,0
228,21536,0,100,0.8863377777777778,0.0008343222877010703,0
229,21636,0,100,0.88581,0.0007287306798389181,0
230,21662,0.766,26,0.8856727777777778,0.0005887869752209204,1
231,21762,0,100,0.885145,0.0006297505204565823,0
232,21862,0,100,0.8846172222222222,0.000818411762593314,0
233,21962,0,100,0.8840894444444445,0.000721397461311426,0
234,22062,0,100,0.8835616666666667,0.0009225290083850268,0
235,22162,0,100,0.8830338888888889,0.0007696733056218363,0
236,22262,0,100,0.8825061111111111,0.0009224820815143175,0
237,22362,0,100,0.8819783333333333,0.0007246065921208356,0
238,22462,0,100,0.8814505555555555,0.0008143721870146692,0
239,22562,0,100,0.8809227777777777,0.0007843217044137418,0
240,22662,0,100,0.880395,0.0008286649180809036,0
241,22762,0,100,0.8798672222222222,0.000668594984599622,0
242,22862,0,100,0.8793394444444445,0.0006814276361546945,0
243,22962,0,100,0.8788116666666667,0.0007296027918346226,0
244,23042,0.2799999999999999,80,0.8783894444444444,0.001107345917444036,1
245,23142,0,100,0.8778616666666667,0.0010216831712750718,0
246,23242,0,100,0.8773338888888889,0.0008699787716614083,0
247,23342,0,100,0.8768061111111112,0.0008325434595462866,0
248,23442,0,100,0.8762783333333334,0.0010305518553650472,0
249,23542,0,100,0.8757505555555556,0.0009037217835430056,0
250,23642,0,100,0.8752227777777778,0.0008322329851216636,0
251,23742,0,100,0.874695,0.001001857682131231,0
252,23842,0,100,0.8741672222222222,0.0008201742533128709,0
253,23942,0,100,0.8736394444444444,0.0008120504781254567,0
254,24042,0,100,0.8731116666666667,0.0009835323500738014,0
255,24142,0,100,0.8725838888888888,0.0009856490962556563,0
256,24242,0,100,0.8720561111111111,0.0009938875609077514,0
257,24342,0,100,0.8715283333333333,0.0006995543194352649,0
258,24442,0,100,0.8710005555555556,0.0011466574436053633,0
259,24542,0,100,0.8704727777777778,0.0007558802547282539,0
260,24642,0,100,0.869945,0.000775700537924422,0
261,24742,0,100,0.8694172222222223,0.0007852675823960453,0
262,24842,0,100,0.8688894444444444,0.0007003442701534368,0
263,24942,0,100,0.8683616666666667,0.000693028208333999,0
264,25042,0,100,0.8678338888888889,0.001050274615554372,0
265,25126,0.244,84,0.8673905555555556,0.0011317048182328498,1
266,25226,0,100,0.8668627777777778,0.0013215098716318607,0
267,25326,0,100,0.866335,0.000686123653431423,0
268,25426,0,100,0.8658072222222222,0.0010731064720312133,0
269,25526,0,100,0.8652794444444445,0.0008493684994755313,0
270,25626,0,100,0.8647516666666667,0.0009776058004354127,0
271,25726,0,100,0.8642238888888889,0.001076075499149738,0
272,25826,0,100,0.8636961111111111,0.0009312339586904272,0
273,25926,0,100,0.8631683333333333,0.0009115441629546694,0
274,26026,0,100,0.8626405555555555,0.000965679555083625,0
275,26126,0,100,0.8621127777777777,0.0010880913404980675,0
276,26226,0,100,0.861585,0.0014194291635067201,0
277,26326,0,100,0.8610572222222223,0.0010436393323470837,0
278,26426,0,100,0.8605294444444445,0.0009143451706040651,0
279,26526,0,100,0.8600016666666667,0.0011464695836184546,0
280,26626,0,100,0.8594738888888889,0.0011745715877623298,0
281,26726,0,100,0.8589461111111111,0.001319532521010842,0
282,26826,0,100,0.8584183333333333,0.0008435868201195262,0
283,26926,0,100,0.8578905555555556,0.0008174681104719638,0
284,27026,0,100,0.8573627777777778,0.0010767873720033095,0
285,27126,0,100,0.856835,0.0011563992817536929,0
286,27226,0,100,0.8563072222222222,0.0011248854055884293,0
287,27326,0,100,0.8557794444444444,0.0010930949481553398,0
288,27426,0,100,0.8552516666666666,0.001292670658440329,0
289,27526,0,100,0.8547238888888888,0.0010096738941501827,0
290,27626,0,100,0.8541961111111112,0.0010470130933390464,0
291,27726,0,100,0.8536683333333334,0.000973828959686216,0
292,27826,0,100,0.8531405555555556,0.0008921118036960252,0
293,27926,0,100,0.8526127777777778,0.001029921081062639,0
294,28026,0,100,0.852085,0.0009318696129776071,0
295,28069,0.613,43,0.8518580555555555,0.00070417846206489,1
296,28169,0,100,0.8513302777777778,0.0010997392314311583,0
297,28269,0,100,0.8508025,0.0010433721760637127,0
298,28369,0,100,0.8502747222222222,0.0010331957944435999,0
299,28388,0.829,19,0.8501744444444445,0.0014515796394430492,1
300,28488,0,100,0.8496466666666667,0.0006599859264679254,0
301,28588,0,100,0.8491188888888889,0.0010584733152063563,0
302,28688,0,100,0.8485911111111111,0.0009600629172928166,0
303,28788,0,100,0.8480633333333334,0.0011294197142706253,0
304,28888,0,100,0.8475355555555556,0.0011106780228146817,0
305,28988,0,100,0.8470077777777778,0.0007739748642779887,0
306,29088,0,100,0.84648,0.0013672643582685851,0
307,29188,0,100,0.8459522222222222,0.0013579551999282557,0
308,29288,0,100,0.8454244444444444,0.001795989457750693,0
309,29388,0,100,0.8448966666666666,0.0009290048113325611,0
310,29440,0.532,52,0.8446222222222222,0.00124962305282959,1
311,29540,0,100,0.8440944444444445,0.0012875508167780937,0
312,29640,0,100,0.8435666666666667,0.0009830807300750166,0
313,29740,0,100,0.8430388888888889,0.0011536992638139054,0
314,29840,0,100,0.8425111111111111,0.0011426600090635474,0
315,29940,0,100,0.8419833333333333,0.0009908430471841712,0
316,30040,0,100,0.8414555555555556,0.0013863136367581318,0
317,30140,0,100,0.8409277777777777,0.0011917799295042642,0
318,30240,0,100,0.8404,0.0009840438305400313,0
319,30340,0,100,0.8398722222222222,0.0011108846969727893,0
320,30440,0,100,0.8393444444444444,0.0010911957979260478,0
321,30540,0,100,0.8388166666666667,0.0013368243646982591,0
322,30640,0,100,0.8382888888888889,0.0012150340795051306,0
323,30740,0,100,0.8377611111111112,0.0013320829372969456,0
324,30840,0,100,0.8372333333333333,0.0009137588049634359,0
325,30940,0,100,0.8367055555555556,0.0014526123327959794,0
326,31040,0,100,0.8361777777777778,0.0009456750703975558,0
327,31140,0,100,0.83565,0.0012756732892012224,0
328,31240,0,100,0.8351222222222222,0.001293574829614954,0
329,31340,0,100,0.8345944444444444,0.0013370931541430765,0
330,31440,0,100,0.8340666666666667,0.000858414951217128,0
331,31540,0,100,0.8335388888888888,0.0009376240946585312,0
332,31640,0,100,0.8330111111111111,0.001085862182371784,0
333,31690,0.55,50,0.8327472222222222,0.0018041213831747882,1
334,31790,0,100,0.8322194444444444,0.0011420691836974584,0
335,31890,0,100,0.8316916666666667,0.0014059004685259425,0
336,31990,0,100,0.8311638888888889,0.0012366733675298746,0
337,32090,0,100,0.8306361111111111,0.001260243903961964,0
338,32190,0,100,0.8301083333333333,0.0012772050048806705,0
339,32290,0,100,0.8295805555555555,0.0012584385063382796,0
340,32390,0,100,0.8290527777777777,0.0016876998342922889,0
341,32490,0,100,0.828525,0.001188590345409466,0
342,32590,0,100,0.8279972222222223,0.0011796568435966037,0
343,32690,0,100,0.8274694444444445,0.0009909422750934028,0
344,32790,0,100,0.8269416666666667,0.0011522462878201622,0
345,32890,0,100,0.8264138888888889,0.0011056643254414667,0
346,32990,0,100,0.8258861111111111,0.001096134031395195,0
347,33090,0,100,0.8253583333333333,0.00132491266267607,0
348,33190,0,100,0.8248305555555555,0.0014493474677146879,0
349,33290,0,100,0.8243027777777778,0.0012617869445239193,0
350,33390,0,100,0.823775,0.0007930960319936276,0
351,33490,0,100,0.8232472222222222,0.0010372891103907023,0
352,33590,0,100,0.8227194444444444,0.0010990607217536308,0
353,33690,0,100,0.8221916666666667,0.001335961870790925,0
354,33790,0,100,0.8216638888888889,0.001201721169782104,0
355,33890,0,100,0.8211361111111111,0.0015552465149085038,0
356,33990,0,100,0.8206083333333334,0.0009675515140406787,0
357,34070,0.2799999999999999,80,0.8201861111111111,0.0018742410331469728,1
358,34170,0,100,0.8196583333333334,0.0014959795234608464,0
359,34270,0,100,0.8191305555555556,0.0013420674424560275,0
360,34370,0,100,0.8186027777777778,0.0011636876230477356,0
361,34470,0,100,0.818075,0.0013245650686440058,0
362,34570,0,100,0.8175472222222222,0.001504890531359706,0
363,34670,0,100,0.8170194444444444,0.0012981339350517374,0
364,34770,0,100,0.8164916666666666,0.0011190784748760052,0
365,34870,0,100,0.8159638888888889,0.0011674288861104288,0
366,34970,0,100,0.8154361111111111,0.0016222862059657927,0
367,35070,0,100,0.8149083333333333,0.001205937114864355,0
368,35170,0,100,0.8143805555555556,0.0018085954038542696,0
369,35270,0,100,0.8138527777777778,0.0014207821211311966,0
370,35370,0,100,0.813325,0.0010265672538662329,0
371,35470,0,100,0.8127972222222222,0.0012445651349844412,0
372,35570,0,100,0.8122694444444445,0.0008966681231686379,0
373,35670,0,100,0.8117416666666667,0.0012174365314422176,0
374,35770,0,100,0.8112138888888889,0.001591416384326294,0
375,35870,0,100,0.8106861111111111,0.0011215490027097984,0
376,35876,0.946,6,0.8106544444444445,0.0019971219347401834,1
377,35906,0.73,30,0.8104961111111111,0.0013406334532191978,1
378,36006,0,100,0.8099683333333334,0.0019696279769414104,0
379,36106,0,100,0.8094405555555555,0.0016328394532320089,0
380,36206,0,100,0.8089127777777778,0.0014185103622730822,0
381,36306,0,100,0.808385,0.001996429517166689,0
382,36406,0,100,0.8078572222222222,0.001480441999156028,0
383,36506,0,100,0.8073294444444444,0.0012912156390666495,0
384,36525,0.829,19,0.8072291666666667,0.0021583933894841097,1
385,36625,0,100,0.8067013888888889,0.0013763336268311833,0
386,36678,0.5229999999999999,53,0.8064216666666667,0.0014947969460956541,1
387,36778,0,100,0.8058938888888889,0.0017090077626926358,0
388,36878,0,100,0.8053661111111111,0.0012466340283572208,0
389,36977,0.10899999999999999,99,0.8048436111111111,0.0013278627143749459,1
390,37077,0,100,0.8043158333333333,0.001626557066629175,0
391,37177,0,100,0.8037880555555555,0.0013887519465060904,0
392,37277,0,100,0.8032602777777778,0.0013079659795039334,0
393,37377,0,100,0.8027325000000001,0.0014053012372460217,0
394,37477,0,100,0.8022047222222222,0.0021331670010113156,0
395,37577,0,100,0.8016769444444445,0.0018590368988225237,0
396,37598,0.8109999999999999,21,0.8015661111111111,0.0013670898070337163,1
397,37698,0,100,0.8010383333333333,0.0013988093970692715,0
398,37798,0,100,0.8005105555555556,0.001268866958853323,0
399,37898,0,100,0.7999827777777778,0.0008452708307595458,0
400,37998,0,100,0.799455,0.0013164242620405276,0
401,38098,0,100,0.7989272222222222,0.0018395090222475118,0
402,38198,0,100,0.7983994444444444,0.0013260163785889746,0
403,38298,0,100,0.7978716666666666,0.0016113692687940784,0
404,38398,0,100,0.7973438888888889,0.001366342279361561,0
405,38498,0,100,0.7968161111111112,0.0015529408128350042,0
406,38598,0,100,0.7962883333333334,0.0014844777854159474,0
407,38698,0,100,0.7957605555555556,0.0012949776416644454,0
408,38798,0,100,0.7952327777777778,0.0015543411555700003,0
409,38898,0,100,0.794705,0.0012034854052762967,0
410,38998,0,100,0.7941772222222222,0.001847465793543961,0
411,39098,0,100,0.7936494444444444,0.0019453236734261737,0
412,39198,0,100,0.7931216666666667,0.0015902693700627424,0
413,39298,0,100,0.7925938888888889,0.0013194583501899616,0
414,39398,0,100,0.7920661111111111,0.00183939014445059,0
415,39498,0,100,0.7915383333333333,0.0014078857583808713,0
416,39598,0,100,0.7910105555555556,0.0013951634720433504,0
417,39698,0,100,0.7904827777777778,0.001397155594022479,0
418,39798,0,100,0.789955,0.0014749502108315938,0
419,39898,0,100,0.7894272222222223,0.0014690537826390936,0
420,39998,0,100,0.7888994444444445,0.0018863283336395399,0
421,40098,0,100,0.7883716666666667,0.0016047584291663953,0
422,40198,0,100,0.7878438888888889,0.0011530887760454788,0
423,40298,0,100,0.7873161111111111,0.0017391536213108337,0
424,40398,0,100,0.7867883333333333,0.0015414629617589526,0
425,40498,0,100,0.7862605555555555,0.0011364532361039892,0
426,40598,0,100,0.7857327777777778,0.0015244973302469588,0
427,40698,0,100,0.785205,0.0015981647839362267,0
428,40798,0,100,0.7846772222222222,0.0013848065650381614,0
429,40898,0,100,0.7841494444444445,0.001123821226792643,0
430,40998,0,100,0.7836216666666667,0.0015793666534591466,0
431,41098,0,100,0.7830938888888889,0.0019349380137282423,0
432,41198,0,100,0.7825661111111111,0.0011844892322551458,0
433,41298,0,100,0.7820383333333334,0.0016149355794186704,0
434,41398,0,100,0.7815105555555556,0.0012811648129718379,0
435,41498,0,100,0.7809827777777778,0.0014741730043897406,0
436,41572,0.33399999999999996,74,0.7805922222222222,0.0014034552343120496,1
437,41672,0,100,0.7800644444444444,0.0012239612761186435,0
438,41772,0,100,0.7795366666666667,0.0013209410854324232,0
439,41872,0,100,0.7790088888888889,0.001851254297362175,0
440,41972,0,100,0.7784811111111112,0.0012373412781744265,0
441,42072,0,100,0.7779533333333333,0.0015307899244362488,0
442,42172,0,100,0.7774255555555556,0.0019025283446535467,0
443,42272,0,100,0.7768977777777778,0.0012141135195270181,0
444,42372,0,100,0.77637,0.0017113872867776081,0
445,42472,0,100,0.7758422222222222,0.0012825643867836335,0
446,42492,0.82,20,0.7757366666666666,0.002268450433621183,1
447,42592,0,100,0.7752088888888888,0.0013225479386164806,0
448,42692,0,100,0.7746811111111112,0.0018026174580154475,0
449,42792,0,100,0.7741533333333334,0.0017076298155006952,0
450,42892,0,100,0.7736255555555556,0.0009682405123021454,0
451,42992,0,100,0.7730977777777778,0.0014205995692464057,0
452,43092,0,100,0.77257,0.0013935416558524595,0
453,43192,0,100,0.7720422222222222,0.002424302650324535,0
454,43292,0,100,0.7715144444444444,0.001816135398694314,0
455,43392,0,100,0.7709866666666667,0.0017456607008352876,0
456,43492,0,100,0.7704588888888889,0.0013297523825895041,0
457,43592,0,100,0.7699311111111111,0.002032568620343227,0
458,43692,0,100,0.7694033333333333,0.0015571423229994252,0
459,43792,0,100,0.7688755555555555,0.0016036538942717016,0
460,43892,0,100,0.7683477777777777,0.0012358074853545985,0
461,43992,0,100,0.76782,0.0013162096819723957,0
462,44024,0.712,32,0.7676511111111111,0.0026982390745615703,1
463,44081,0.487,57,0.7673502777777778,0.002435526369433654,1
464,44181,0,100,0.7668225,0.0012980947198229843,0
465,44281,0,100,0.7662947222222223,0.0014566947703133337,0
466,44381,0,100,0.7657669444444445,0.0017045633535599336,0
467,44481,0,100,0.7652391666666667,0.001845252667553723,0
468,44581,0,100,0.7647113888888889,0.0014013289140712003,0
469,44681,0,100,0.7641836111111111,0.001323405158618698,0
470,44781,0,100,0.7636558333333333,0.0014584409203962424,0
471,44881,0,100,0.7631280555555555,0.0014458356401883066,0
472,44981,0,100,0.7626002777777778,0.0017431295377900824,0
473,45081,0,100,0.7620725,0.0028415964596206324,0
474,45181,0,100,0.7615447222222222,0.0022167333686957135,0
475,45281,0,100,0.7610169444444445,0.0022020567403524182,0
476,45381,0,100,0.7604891666666667,0.002271000156761147,0
477,45481,0,100,0.7599613888888889,0.001726140555983875,0
478,45581,0,100,0.7594336111111111,0.0014374936161038931,0
479,45681,0,100,0.7589058333333334,0.0014167073248245287,0
480,45781,0,100,0.7583780555555556,0.0016584882521419786,0
481,45881,0,100,0.7578502777777778,0.0015461504238191992,0
482,45981,0,100,0.7573225,0.00199565364207956,0
483,46081,0,100,0.7567947222222222,0.0024340804840903727,0
484,46181,0,100,0.7562669444444444,0.0013354017361416482,0
485,46281,0,100,0.7557391666666666,0.0015442747621273157,0
486,46381,0,100,0.755211388888889,0.0017066672691726126,0
487,46481,0,100,0.7546836111111112,0.001376473932468798,0
488,46488,0.9369999999999999,7,0.7546466666666667,0.0005891910155436822,1
489,46588,0,100,0.7541188888888889,0.002044648303417489,0
490,46688,0,100,0.7535911111111111,0.0017702230252325535,0
491,46788,0,100,0.7530633333333333,0.0013363843892875594,0
492,46871,0.253,83,0.7526252777777778,0.0013713254794935662,1
493,46971,0,100,0.7520975,0.0016703464112652,0
494,47071,0,100,0.7515697222222222,0.0016221036401111632,0
495,47171,0,100,0.7510419444444445,0.00220306541887112,0
496,47271,0,100,0.7505141666666667,0.0019446997818886303,0
497,47371,0,100,0.7499863888888889,0.0017668502489686943,0
498,47471,0,100,0.7494586111111111,0.0020293378017959187,0
499,47571,0,100,0.7489308333333333,0.0015859367577650118,0
500,47671,0,100,0.7484030555555556,0.0018146219727350399,0
501,47771,0,100,0.7478752777777777,0.0020739383963518775,0
502,47824,0.5229999999999999,53,0.7475955555555556,0.0021571613664800337,1
503,47924,0,100,0.7470677777777778,0.002314786941278726,0
504,48024,0,100,0.74654,0.0019739889714401214,0
505,48124,0,100,0.7460122222222223,0.001983388568041846,0
506,48224,0,100,0.7454844444444444,0.001721329277206678,0
507,48324,0,100,0.7449566666666667,0.0016085370327346027,0
508,48424,0,100,0.7444288888888889,0.002366920907079475,0
509,48524,0,100,0.7439011111111111,0.0016550578540773131,0
510,48624,0,100,0.7433733333333333,0.0018834724854968955,0
511,48724,0,100,0.7428455555555555,0.0018378486859728582,0
512,48824,0,100,0.7423177777777779,0.0018691841312102042,0
513,48924,0,100,0.74179,0.0018050766761007254,0
514,49024,0,100,0.7412622222222223,0.0023048579023452476,0
515,49124,0,100,0.7407344444444445,0.0015733266825554892,0
516,49224,0,100,0.7402066666666667,0.001964632946474012,0
517,49324,0,100,0.7396788888888889,0.002330171858193353,0
518,49424,0,100,0.7391511111111111,0.0018253429484320805,0
519,49524,0,100,0.7386233333333334,0.0020507063550758175,0
520,49624,0,100,0.7380955555555555,0.0019856914700358175,0
521,49724,0,100,0.7375677777777778,0.0022479077731259165,0
522,49824,0,100,0.73704,0.0013964311237214134,0
523,49924,0,100,0.7365122222222222,0.0014805384381907062,0
524,50024,0,100,0.7359844444444444,0.002715539751225151,0
525,50124,0,100,0.7354566666666666,0.002123548501986079,0
526,50224,0,100,0.734928888888889,0.0020872056001098828,0
527,50324,0,100,0.7344011111111111,0.0025191786864888852,0
528,50424,0,100,0.7338733333333334,0.001678297767357435,0
529,50524,0,100,0.7333455555555556,0.0018679548575892112,0
530,50624,0,100,0.7328177777777778,0.0023559260705951603,0
531,50724,0,100,0.73229,0.0017571662794216537,0
532,50824,0,100,0.7317622222222222,0.0022682791645638645,0
533,50905,0.2709999999999999,81,0.7313347222222222,0.0016527301552820444,1
534,51005,0,100,0.7308069444444445,0.001514796252886299,0
535,51105,0,100,0.7302791666666666,0.0022705953900003808,0
536,51205,0,100,0.7297513888888889,0.00190194659284316,0
537,51305,0,100,0.7292236111111111,0.0014538858702871948,0
538,51405,0,100,0.7286958333333333,0.002225292365765199,0
539,51437,0.712,32,0.7285269444444444,0.0015647352274754667,1
540,51537,0,100,0.7279991666666668,0.0021250937043805606,0
541,51637,0,100,0.7274713888888888,0.001307416509371251,0
542,51737,0,100,0.7269436111111112,0.0020938044915965294,0
543,51837,0,100,0.7264158333333333,0.0020764807728119194,0
544,51937,0,100,0.7258880555555556,0.0019936912794946693,0
545,52037,0,100,0.7253602777777778,0.002232092702179216,0
546,52137,0,100,0.7248325,0.0018089605381828733,0
547,52237,0,100,0.7243047222222223,0.0029083434576750735,0
548,52337,0,100,0.7237769444444444,0.0016962621168931946,0
549,52437,0,100,0.7232491666666667,0.0025796568600344474,0
550,52537,0,100,0.7227213888888888,0.0031050940198474562,0
551,52543,0.946,6,0.7226897222222222,0.001280701825938498,1
552,52643,0,100,0.7221619444444445,0.001851546957041137,0
553,52743,0,100,0.7216341666666667,0.0023612181851058265,0
554,52843,0,100,0.7211063888888889,0.0016492116855806671,0
555,52943,0,100,0.7205786111111111,0.0020701347128488125,0
556,53043,0,100,0.7200508333333333,0.0022753932906198317,0
557,53143,0,100,0.7195230555555556,0.0026980762800667434,0
558,53243,0,100,0.7189952777777777,0.0025655322743114084,0
559,53343,0,100,0.7184675,0.0020074450070387685,0
560,53443,0,100,0.7179397222222222,0.0025756239524343983,0
561,53543,0,100,0.7174119444444444,0.0022714878810802474,0
562,53643,0,100,0.7168841666666667,0.001193360297183972,0
563,53743,0,100,0.7163563888888889,0.0020660240124561824,0
564,53843,0,100,0.7158286111111112,0.002166836087417323,0
565,53943,0,100,0.7153008333333333,0.0028500501735834404,0
566,54043,0,100,0.7147730555555556,0.0022990777876111678,0
567,54143,0,100,0.7142452777777778,0.002488042539334856,0
568,54243,0,100,0.7137175,0.0019152809801744298,0
569,54343,0,100,0.7131897222222222,0.0018591332586947828,0
570,54443,0,100,0.7126619444444444,0.0020693071861751376,0
571,54543,0,100,0.7121341666666667,0.0024845226292381996,0
572,54643,0,100,0.7116063888888888,0.0025949399115052074,0
573,54743,0,100,0.7110786111111111,0.002394183622964192,0
574,54843,0,100,0.7105508333333334,0.0020270573129528204,0
575,54943,0,100,0.7100230555555556,0.0020148349495138973,0
576,55043,0,100,0.7094952777777778,0.0030319068345124834,0
577,55143,0,100,0.7089675,0.0017237098744953983,0
578,55243,0,100,0.7084397222222223,0.002209408165945206,0
579,55343,0,100,0.7079119444444444,0.002375633167102933,0
580,55443,0,100,0.7073841666666667,0.002059722920821514,0
581,55543,0,100,0.7068563888888889,0.0018139944193535484,0
582,55643,0,100,0.7063286111111111,0.0027516091978759503,0
583,55743,0,100,0.7058008333333333,0.0030933525136788375,0
584,55843,0,100,0.7052730555555555,0.0023795802384847776,0
585,55943,0,100,0.7047452777777778,0.0018870354496175424,0
586,55964,0.8109999999999999,21,0.7046344444444445,0.0017570160451300797,1
587,56064,0,100,0.7041066666666667,0.0019931034033652396,0
588,56164,0,100,0.703578888888889,0.002393236236239318,0
589,56264,0,100,0.7030511111111111,0.0022928173001855612,0
590,56364,0,100,0.7025233333333334,0.0025327645635115914,0
591,56464,0,100,0.7019955555555555,0.0017144014069344848,0
592,56564,0,100,0.7014677777777778,0.0017855834614601918,0
593,56664,0,100,0.70094,0.002801102939993143,0
594,56764,0,100,0.7004122222222222,0.002462456540961284,0
595,56864,0,100,0.6998844444444445,0.0026980757073033603,0
596,56964,0,100,0.6993566666666666,0.0017424687859602273,0
597,56989,0.775,25,0.6992247222222222,0.0026077179401181637,1
598,57089,0,100,0.6986969444444444,0.002290480670926627,0
599,57189,0,100,0.6981691666666667,0.0025609229694237,0
600,57289,0,100,0.6976413888888888,0.0020744088329956866,0
601,57389,0,100,0.6971136111111111,0.0016807166548096575,0
602,57489,0,100,0.6965858333333333,0.002606066438311245,0
603,57589,0,100,0.6960580555555556,0.0018209957040380687,0
604,57689,0,100,0.6955302777777778,0.002173726216133218,0
605,57789,0,100,0.6950025,0.0024306557746604086,0
606,57889,0,100,0.6944747222222223,0.0016435534667107276,0
607,57989,0,100,0.6939469444444444,0.0019005383108742534,0
608,58089,0,100,0.6934191666666667,0.0025219910164014435,0
609,58189,0,100,0.6928913888888889,0.0023517041077138856,0
610,58275,0.22599999999999998,86,0.6924375,0.001871331363069002,1
611,58375,0,100,0.6919097222222222,0.001968435092421714,0
612,58475,0,100,0.6913819444444445,0.00211993779434124,0
613,58575,0,100,0.6908541666666667,0.0020346436582622117,0
614,58656,0.2709999999999999,81,0.6904266666666667,0.001971082958604071,1
615,58710,0.514,54,0.6901416666666667,0.002261980127918327,1
616,58799,0.19899999999999995,89,0.6896719444444445,0.003022287954285929,1
617,58899,0,100,0.6891441666666667,0.002330341575143393,0
618,58999,0,100,0.6886163888888889,0.002378631917963503,0
619,59099,0,100,0.6880886111111111,0.002334268334961962,0
620,59199,0,100,0.6875608333333334,0.002748109165404458,0
621,59299,0,100,0.6870330555555555,0.00195999639458023,0
622,59399,0,100,0.6865052777777778,0.0020115683961194008,0
623,59474,0.32499999999999996,75,0.6861094444444444,0.0026728680803595733,1
624,59574,0,100,0.6855816666666666,0.0022670316678704695,0
625,59674,0,100,0.6850538888888889,0.0027255417143169326,0
626,59774,0,100,0.6845261111111112,0.002838013266737107,0
627,59874,0,100,0.6839983333333333,0.003873654076596722,0
628,59974,0,100,0.6834705555555556,0.002310428419150412,0
629,60074,0,100,0.6829427777777778,0.0018429152149474248,0
630,60174,0,100,0.682415,0.0015474889846518636,0
631,60274,0,100,0.6818872222222222,0.002372881057090126,0
632,60374,0,100,0.6813594444444444,0.0016496819941676222,0
633,60474,0,100,0.6808316666666667,0.001935356099565979,0
634,60574,0,100,0.6803038888888888,0.0015115849048015662,0
635,60674,0,100,0.6797761111111111,0.002887068986601662,0
636,60774,0,100,0.6792483333333333,0.00208235198748298,0
637,60874,0,100,0.6787205555555555,0.0033810077790985813,0
638,60974,0,100,0.6781927777777778,0.001913184481963981,0
639,61074,0,100,0.677665,0.003240485878486652,0
640,61174,0,100,0.6771372222222223,0.0023657129163620993,0
641,61274,0,100,0.6766094444444444,0.0024037145532201975,0
642,61374,0,100,0.6760816666666667,0.0021965187770547345,0
643,61474,0,100,0.6755538888888889,0.001688670739531517,0
644,61574,0,100,0.6750261111111111,0.002449720806325786,0
645,61674,0,100,0.6744983333333334,0.0014235436118906365,0
646,61774,0,100,0.6739705555555555,0.0027889876093831843,0
647,61807,0.703,33,0.6737963888888889,0.0032500273787952733,1
648,61907,0,100,0.6732686111111111,0.0024967849830863998,0
649,61928,0.8109999999999999,21,0.6731577777777777,0.0024242181125806554,1
650,62028,0,100,0.6726300000000001,0.0028524157038191333,0
651,62128,0,100,0.6721022222222222,0.0026332702557556333,0
652,62228,0,100,0.6715744444444445,0.0017100008548004552,0
653,62328,0,100,0.6710466666666667,0.0020650554582243787,0
654,62428,0,100,0.6705188888888889,0.002233042262378149,0
655,62528,0,100,0.6699911111111111,0.0022701244259951637,0
656,62628,0,100,0.6694633333333333,0.002646652194089256,0
657,62728,0,100,0.6689355555555556,0.0026594539728830567,0
658,62828,0,100,0.6684077777777777,0.0023426343759638257,0
659,62928,0,100,0.66788,0.0017638341485871933,0
660,63028,0,100,0.6673522222222222,0.0023913516534958034,0
661,63128,0,100,0.6668244444444444,0.0018612785631557927,0
662,63205,0.30699999999999994,77,0.6664180555555556,0.002382073754387267,1
663,63305,0,100,0.6658902777777778,0.0026334010585560464,0
664,63405,0,100,0.6653625000000001,0.00257783359818859,0
665,63505,0,100,0.6648347222222222,0.002241826789686456,0
666,63605,0,100,0.6643069444444445,0.0026374894051696173,0
667,63705,0,100,0.6637791666666667,0.003254414530820213,0
668,63805,0,100,0.6632513888888889,0.0026619037153432145,0
669,63905,0,100,0.6627236111111111,0.0028084146359469743,0
670,63970,0.4149999999999999,65,0.6623805555555555,0.002464744495675684,1
671,64070,0,100,0.6618527777777778,0.0039849121775478126,0
672,64170,0,100,0.6613249999999999,0.003382255123869982,0
673,64183,0.883,13,0.6612563888888889,0.003213467752525153,1
674,64283,0,100,0.6607286111111111,0.0029183633899083363,0
675,64383,0,100,0.6602008333333333,0.0026939492058590986,0
676,64434,0.5409999999999999,51,0.6599316666666667,0.002450267842505127,1
677,64534,0,100,0.6594038888888889,0.0035271269563236273,0
678,64634,0,100,0.6588761111111111,0.002819620283844415,0
679,64734,0,100,0.6583483333333333,0.0025675302132731302,0
680,64834,0,100,0.6578205555555556,0.0017447600435116328,0
681,64934,0,100,0.6572927777777777,0.0023144502140348775,0
682,65034,0,100,0.656765,0.0025968925168854185,0
683,65064,0.73,30,0.6566066666666667,0.0032659383471279097,1
684,65164,0,100,0.6560788888888889,0.0020373572857351973,0
685,65264,0,100,0.6555511111111112,0.0022955600993009285,0
686,65364,0,100,0.6550233333333333,0.0026282216134131888,0
687,65464,0,100,0.6544955555555556,0.0024709530966356397,0
688,65564,0,100,0.6539677777777777,0.001951182252378203,0
689,65664,0,100,0.65344,0.003748075418116059,0
690,65764,0,100,0.6529122222222222,0.002251028016617056,0
691,65864,0,100,0.6523844444444444,0.0034560332450200805,0
692,65964,0,100,0.6518566666666668,0.0032112228748155756,0
693,65971,0.9369999999999999,7,0.6518197222222222,0.00383778426164229,1
694,66071,0,100,0.6512919444444445,0.002539998943975661,0
695,66171,0,100,0.6507641666666667,0.0029658574775385206,0
696,66271,0,100,0.6502363888888889,0.0022075345271150583,0
697,66371,0,100,0.6497086111111111,0.0032342782465275377,0
698,66471,0,100,0.6491808333333333,0.0030196832996443844,0
699,66571,0,100,0.6486530555555556,0.002192428176058456,0
700,66629,0.478,58,0.6483469444444445,0.0031802340356456437,1
701,66729,0,100,0.6478191666666666,0.0023598396973102355,0
702,66829,0,100,0.6472913888888889,0.0032491035739076325,0
703,66929,0,100,0.6467636111111111,0.0025307423394406213,0
704,67029,0,100,0.6462358333333333,0.00308121821959503,0
705,67129,0,100,0.6457080555555555,0.0038103055852116087,0
706,67229,0,100,0.6451802777777778,0.002507167746371124,0
707,67303,0.33399999999999996,74,0.6447897222222223,0.0029717197353051773,1
708,67403,0,100,0.6442619444444444,0.002581082324322779,0
709,67503,0,100,0.6437341666666667,0.002203102894418407,0
710,67603,0,100,0.6432063888888888,0.002396837453416083,0
711,67703,0,100,0.6426786111111111,0.0029253219012753107,0
712,67803,0,100,0.6421508333333333,0.0024136144295334814,0
713,67903,0,100,0.6416230555555555,0.0028213059427798725,0
714,68003,0,100,0.6410952777777779,0.0028358304884750396,0
715,68103,0,100,0.6405675,0.002924685810576193,0
716,68203,0,100,0.6400397222222223,0.0021640473321895117,0
717,68303,0,100,0.6395119444444444,0.002768016950576566,0
718,68403,0,100,0.6389841666666667,0.0017279210084234365,0
719,68503,0,100,0.6384563888888889,0.00300558039045427,0
720,68603,0,100,0.6379286111111111,0.0022197807813063263,0
721,68703,0,100,0.6374008333333334,0.0027809482123120686,0
722,68803,0,100,0.6368730555555555,0.0031440755433868616,0
723,68903,0,100,0.6363452777777778,0.003223253387550358,0
724,69003,0,100,0.6358174999999999,0.002800554844143335,0
725,69103,0,100,0.6352897222222222,0.0019397712172940374,0
726,69203,0,100,0.6347619444444444,0.0029487190194777213,0
727,69303,0,100,0.6342341666666667,0.0031394545777584425,0
728,69403,0,100,0.633706388888889,0.003286433246394154,0
729,69503,0,100,0.6331786111111111,0.003341179805865977,0
730,69603,0,100,0.6326508333333334,0.0031639250498847107,0
731,69703,0,100,0.6321230555555555,0.0026319875768967904,0
732,69803,0,100,0.6315952777777778,0.002509677552152425,0
733,69903,0,100,0.6310675,0.00215044653887162,0
734,70003,0,100,0.6305397222222222,0.002361716964514926,0
735,70057,0.514,54,0.6302547222222222,0.0014275061839725822,1
736,70157,0,100,0.6297269444444444,0.0023106340432423166,0
737,70257,0,100,0.6291991666666668,0.0016644529573386535,0
738,70357,0,100,0.6286713888888888,0.0021458952693501486,0
739,70457,0,100,0.6281436111111112,0.002818120744486805,0
740,70557,0,100,0.6276158333333333,0.003590770304435864,0
741,70657,0,100,0.6270880555555556,0.0016125805041519925,0
742,70757,0,100,0.6265602777777778,0.002437149736506399,0
743,70857,0,100,0.6260325,0.0028252206041361207,0
744,70915,0.478,58,0.6257263888888889,0.0024392996475116574,1
745,70954,0.649,39,0.6255205555555556,0.004442351492635237,1
746,71054,0,100,0.6249927777777777,0.0033483102289028465,0
747,71154,0,100,0.624465,0.0027168379319482483,0
748,71254,0,100,0.6239372222222223,0.002731295265839435,0
749,71354,0,100,0.6234094444444445,0.0026021788813523016,0
750,71454,0,100,0.6228816666666667,0.003463269614148885,0
751,71554,0,100,0.6223538888888889,0.0021681500395061446,0
752,71654,0,100,0.6218261111111112,0.0033204175977152774,0
753,71754,0,100,0.6212983333333333,0.002720610420801677,0
754,71854,0,100,0.6207705555555556,0.002254278227919713,0
755,71954,0,100,0.6202427777777778,0.002601761475089006,0
756,72054,0,100,0.619715,0.0033746894329669884,0
757,72154,0,100,0.6191872222222222,0.002921390180417802,0
758,72254,0,100,0.6186594444444444,0.0024335009153583086,0
759,72354,0,100,0.6181316666666667,0.003959950555872638,0
760,72454,0,100,0.6176038888888888,0.0033482520168763587,0
761,72554,0,100,0.6170761111111112,0.0026219571416731926,0
762,72654,0,100,0.6165483333333334,0.0029701912650489247,0
763,72754,0,100,0.6160205555555556,0.0026063531814725137,0
764,72854,0,100,0.6154927777777778,0.003009490966796875,0
765,72954,0,100,0.614965,0.002124974764883518,0
766,73054,0,100,0.6144372222222223,0.0016995821855380199,0
767,73154,0,100,0.6139094444444444,0.0029981405154103414,0
768,73254,0,100,0.6133816666666667,0.0024456541048130023,0
769,73354,0,100,0.6128538888888889,0.0029756404517684134,0
770,73454,0,100,0.6123261111111111,0.002999181223276537,0
771,73554,0,100,0.6117983333333333,0.0031471982889343052,0
772,73654,0,100,0.6112705555555555,0.0030281231115804985,0
773,73754,0,100,0.6107427777777779,0.0030721040852949954,0
774,73854,0,100,0.610215,0.0024681789745227434,0
775,73954,0,100,0.6096872222222223,0.003018053786363453,0
776,74054,0,100,0.6091594444444445,0.0022826983701088465,0
777,74154,0,100,0.6086316666666667,0.0027214664916391483,0
778,74254,0,100,0.6081038888888889,0.002113615901034791,0
779,74354,0,100,0.6075761111111111,0.0029230767753324473,0
780,74454,0,100,0.6070483333333334,0.0026968126304564065,0
781,74554,0,100,0.6065205555555555,0.002851729745452758,0
782,74654,0,100,0.6059927777777778,0.0020414923992939293,0
783,74754,0,100,0.605465,0.0031778872772702015,0
784,74854,0,100,0.6049372222222222,0.0028873443929478527,0
785,74954,0,100,0.6044094444444444,0.0032407465079450047,0
786,75054,0,100,0.6038816666666666,0.0024918482871726156,0
787,75154,0,100,0.603353888888889,0.0034724400815321133,0
788,75254,0,100,0.6028261111111111,0.002802590522915125,0
789,75354,0,100,0.6022983333333334,0.002388694644032512,0
790,75454,0,100,0.6017705555555556,0.0021414296636066863,0
791,75554,0,100,0.6012427777777778,0.0033383382816100492,0
792,75654,0,100,0.600715,0.0027897427705465814,0
793,75754,0,100,0.6001872222222222,0.003574501682596747,0
794,75854,0,100,0.5996594444444445,0.0036089450659346767,0
795,75954,0,100,0.5991316666666666,0.002109220246202312,0
796,76054,0,100,0.5986038888888889,0.002771442465018481,0
797,76154,0,100,0.5980761111111111,0.002590150175965391,0
798,76254,0,100,0.5975483333333333,0.0026759540513739922,0
799,76354,0,100,0.5970205555555556,0.0022848506676382387,0
800,76454,0,100,0.5964927777777778,0.003316962892713491,0
801,76554,0,100,0.5959650000000001,0.0030877569230506195,0
802,76654,0,100,0.5954372222222222,0.0028080806316575033,0
803,76754,0,100,0.5949094444444445,0.0028486256682663225,0
804,76854,0,100,0.5943816666666667,0.0025473830377450214,0
805,76954,0,100,0.5938538888888889,0.003684789566032123,0
806,77054,0,100,0.5933261111111111,0.0022588033994543366,0
807,77154,0,100,0.5927983333333333,0.002783646718307864,0
808,77254,0,100,0.5922705555555556,0.0035787456468096934,0
809,77354,0,100,0.5917427777777777,0.0027393776312237606,0
810,77454,0,100,0.591215,0.0036768571843276733,0
811,77554,0,100,0.5906872222222223,0.0030742237862432377,0
812,77654,0,100,0.5901594444444445,0.003952262167294975,0
813,77754,0,100,0.5896316666666667,0.0032984022854361684,0
814,77854,0,100,0.5891038888888889,0.002763924742321251,0
815,77954,0,100,0.5885761111111112,0.002995134420634713,0
816,78054,0,100,0.5880483333333333,0.002907255860918667,0
817,78154,0,100,0.5875205555555556,0.0027502753195585684,0
818,78254,0,100,0.5869927777777778,0.0028772143853711897,0
819,78352,0.118,98,0.5864755555555556,0.0027357719738240714,1
820,78452,0,100,0.5859477777777777,0.0030477314896415917,0
821,78552,0,100,0.58542,0.0024343077914090825,0
822,78652,0,100,0.5848922222222221,0.0021179710829164833,0
823,78752,0,100,0.5843644444444445,0.002257903995050583,0
824,78852,0,100,0.5838366666666667,0.002753857337811496,0
825,78952,0,100,0.5833088888888889,0.0035825252227368763,0
826,79052,0,100,0.5827811111111112,0.0018305154485278763,0
827,79152,0,100,0.5822533333333333,0.0030660169434850106,0
828,79200,0.5680000000000001,48,0.5820000000000001,0.0025499905738494513,1
829,79300,0,100,0.5814722222222222,0.0026349153331830166,0
830,79319,0.829,19,0.5813719444444445,0.00357931141900879,1
831,79419,0,100,0.5808441666666666,0.002501723933964968,0
832,79519,0,100,0.5803163888888889,0.0025830828136531635,0
833,79619,0,100,0.5797886111111111,0.0038356318470323457,0
834,79719,0,100,0.5792608333333333,0.002924015920434613,0
835,79773,0.514,54,0.5789758333333334,0.0028600238745437106,1
836,79873,0,100,0.5784480555555556,0.004101426567067392,0
837,79973,0,100,0.5779202777777778,0.00297507397539448,0
838,80073,0,100,0.5773925,0.0038833562823128885,0
839,80173,0,100,0.5768647222222223,0.002739235717453994,0
840,80273,0,100,0.5763369444444444,0.0031567621609428897,0
841,80373,0,100,0.5758091666666667,0.003557362731953617,0
842,80473,0,100,0.5752813888888889,0.0028391520853620024,0
843,80573,0,100,0.5747536111111111,0.0025699870180687866,0
844,80673,0,100,0.5742258333333333,0.0031555128484615125,0
845,80773,0,100,0.5736980555555555,0.0028639258930343203,0
846,80873,0,100,0.5731702777777778,0.002665139462915249,0
847,80973,0,100,0.5726424999999999,0.0032078416633885354,0
848,81073,0,100,0.5721147222222223,0.0020437206208589486,0
849,81173,0,100,0.5715869444444445,0.0033180280539090745,0
850,81273,0,100,0.5710591666666667,0.003346200212545227,0
851,81373,0,100,0.5705313888888889,0.0028707748305168935,0
852,81473,0,100,0.5700036111111111,0.0027969684088020585,0
853,81573,0,100,0.5694758333333334,0.003010878728964599,0
854,81673,0,100,0.5689480555555555,0.003011180381872691,0
855,81773,0,100,0.5684202777777778,0.003356547841685824,0
856,81873,0,100,0.5678925,0.001780379877309315,0
857,81973,0,100,0.5673647222222222,0.0030783225019695238,0
858,82073,0,100,0.5668369444444444,0.0038652326693409123,0
859,82173,0,100,0.5663091666666666,0.002566426236589905,0
860,82273,0,100,0.565781388888889,0.0027768668893259018,0
861,82373,0,100,0.565253611111111,0.0029996481133275667,0
862,82473,0,100,0.5647258333333334,0.003607364176423289,0
863,82573,0,100,0.5641980555555556,0.003275641225336585,0
864,82673,0,100,0.5636702777777778,0.0033665073968586513,0
865,82773,0,100,0.5631425,0.0028878342173993586,0
866,82873,0,100,0.5626147222222222,0.0037854324156069196,0
867,82973,0,100,0.5620869444444445,0.00314663113997085,0
868,83073,0,100,0.5615591666666666,0.003515371381654404,0
869,83173,0,100,0.5610313888888889,0.0035744460063870066,0
870,83273,0,100,0.5605036111111111,0.003864924042718485,0
871,83373,0,100,0.5599758333333333,0.0030906967242481185,0
872,83473,0,100,0.5594480555555555,0.004151793890050612,0
873,83573,0,100,0.5589202777777778,0.00386496960738441,0
874,83673,0,100,0.5583925000000001,0.00277059832966188,0
875,83773,0,100,0.5578647222222222,0.002346634734567488,0
876,83873,0,100,0.5573369444444445,0.0018727693712571635,0
877,83973,0,100,0.5568091666666667,0.003533744779706467,0
878,84073,0,100,0.5562813888888889,0.00416981997230323,0
879,84173,0,100,0.5557536111111111,0.003750601510400884,0
880,84273,0,100,0.5552258333333333,0.0030176913639297707,0
881,84373,0,100,0.5546980555555556,0.003563784740108531,0
882,84473,0,100,0.5541702777777777,0.003214137323375326,0
883,84573,0,100,0.5536425,0.0032369481114437803,0
884,84673,0,100,0.5531147222222222,0.003603728001471609,0
885,84773,0,100,0.5525869444444445,0.0035737290765973737,0
886,84873,0,100,0.5520591666666667,0.0025660462997620925,0
887,84973,0,100,0.5515313888888889,0.0021117770357523113,0
888,85073,0,100,0.5510036111111112,0.004541097246692516,0
889,85173,0,100,0.5504758333333333,0.0025408047868404537,0
890,85273,0,100,0.5499480555555556,0.0030530290299793706,0
891,85373,0,100,0.5494202777777778,0.002684672641044017,0
892,85473,0,100,0.5488925,0.0037914995930623265,0
893,85573,0,100,0.5483647222222222,0.0036947952283662745,0
894,85673,0,100,0.5478369444444444,0.0036065789242275058,0
895,85773,0,100,0.5473091666666667,0.004109425097121857,0
896,85810,0.667,37,0.5471138888888889,0.0032749994944252475,1
897,85910,0,100,0.5465861111111111,0.0027969058530288747,0
898,86010,0,100,0.5460583333333333,0.0037011829001130534,0
899,86110,0,100,0.5455305555555556,0.004254549283068627,0
900,86210,0,100,0.5450027777777777,0.004669809871411417,0
901,86310,0,100,0.544475,0.0028295537969097494,0
902,86410,0,100,0.5439472222222222,0.0035685528453905137,0
903,86510,0,100,0.5434194444444445,0.0036933823869912887,0
904,86610,0,100,0.5428916666666667,0.003754397360025905,0
905,86710,0,100,0.5423638888888889,0.0029686204087920488,0
906,86810,0,100,0.5418361111111112,0.002728432632284239,0
907,86910,0,100,0.5413083333333333,0.004471588795422576,0
908,87010,0,100,0.5407805555555556,0.0036921389173949137,0
909,87110,0,100,0.5402527777777778,0.004028786999988369,0
910,87210,0,100,0.539725,0.003028840076585766,0
911,87310,0,100,0.5391972222222222,0.0027460651213186793,0
912,87410,0,100,0.5386694444444444,0.0035534376598661765,0
913,87510,0,100,0.5381416666666667,0.0024867800093488768,0
914,87610,0,100,0.5376138888888888,0.0029107744278735483,0
915,87710,0,100,0.5370861111111112,0.00446291126369033,0
916,87810,0,100,0.5365583333333334,0.0030900730739813298,0
917,87910,0,100,0.5360305555555556,0.0024317606270778925,0
918,88010,0,100,0.5355027777777778,0.0025561463355552403,0
919,88110,0,100,0.534975,0.004324926474946551,0
920,88210,0,100,0.5344472222222223,0.003865136108652223,0
921,88310,0,100,0.5339194444444444,0.0029516701336251574,0
922,88410,0,100,0.5333916666666667,0.004321291473752353,0
923,88510,0,100,0.5328638888888889,0.0035162861179560425,0
924,88610,0,100,0.5323361111111111,0.0030879090790404008,0
925,88710,0,100,0.5318083333333333,0.004092755893070716,0
926,88810,0,100,0.5312805555555555,0.0035447029571514578,0
927,88910,0,100,0.5307527777777779,0.002176840496249497,0
928,89010,0,100,0.530225,0.0027561573204002345,0
929,89110,0,100,0.5296972222222223,0.003800848253304139,0
930,89210,0,100,0.5291694444444445,0.004556094729923643,0
931,89310,0,100,0.5286416666666667,0.0038525447752908804,0
932,89410,0,100,0.5281138888888889,0.0038279950295691378,0
933,89510,0,100,0.5275861111111111,0.004485517879365943,0
934,89610,0,100,0.5270583333333334,0.003117050009605009,0
935,89710,0,100,0.5265305555555555,0.0020793210846022704,0
936,89810,0,100,0.5260027777777778,0.003600752133934293,0
937,89910,0,100,0.525475,0.003263707186561078,0
938,90010,0,100,0.5249472222222222,0.0027093431158573367,0
939,90110,0,100,0.5244194444444444,0.0036867724428884686,0
940,90210,0,100,0.5238916666666666,0.004163531561789569,0
941,90310,0,100,0.523363888888889,0.0036693716066656633,0
942,90351,0.631,41,0.5231475,0.005832131659589344,1
943,90406,0.5049999999999999,55,0.5228572222222223,0.0030098616346632217,1
944,90506,0,100,0.5223294444444444,0.0034994779864791783,0
945,90549,0.613,43,0.5221025,0.00271889585378948,1
946,90649,0,100,0.5215747222222222,0.004239463231642731,0
947,90749,0,100,0.5210469444444444,0.003809146411076654,0
948,90849,0,100,0.5205191666666666,0.003259112236846704,0
949,90949,0,100,0.519991388888889,0.002023073356831446,0
950,91049,0,100,0.5194636111111111,0.0025152694308781063,0
951,91056,0.9369999999999999,7,0.5194266666666667,0.006748215943974044,1
952,91156,0,100,0.5188988888888889,0.00343226712429896,0
953,91256,0,100,0.5183711111111111,0.004075292755442206,0
954,91320,0.42399999999999993,64,0.5180333333333333,0.002341300871648855,1
955,91397,0.30699999999999994,77,0.5176269444444445,0.003031746392114112,1
956,91497,0,100,0.5170991666666667,0.002246984023367986,0
957,91597,0,100,0.5165713888888889,0.0038988782567321322,0
958,91697,0,100,0.5160436111111111,0.0024060269942856394,0
959,91708,0.901,11,0.5159855555555556,0.0012313823998821053,1
960,91808,0,100,0.5154577777777778,0.0045665766159072516,0
961,91908,0,100,0.51493,0.0043965479047619735,0
962,92008,0,100,0.5144022222222222,0.0027289500736515037,0
963,92108,0,100,0.5138744444444445,0.004040413553011604,0
964,92208,0,100,0.5133466666666666,0.003775218507507816,0
965,92308,0,100,0.5128188888888889,0.0036027974731405264,0
966,92408,0,100,0.5122911111111111,0.004546026946045458,0
967,92508,0,100,0.5117633333333333,0.0028706018079537898,0
968,92608,0,100,0.5112355555555556,0.0029732753764255904,0
969,92708,0,100,0.5107077777777778,0.003498483906732872,0
970,92808,0,100,0.5101800000000001,0.0036000170570332558,0
971,92908,0,100,0.5096522222222222,0.004729580136481673,0
972,93008,0,100,0.5091244444444445,0.003563383333384991,0
973,93108,0,100,0.5085966666666667,0.0037478493305388837,0
974,93111,0.973,3,0.5085808333333333,0.017247536956953507,1
975,93211,0,100,0.5080530555555556,0.003468900418956764,0
976,93311,0,100,0.5075252777777778,0.003540421990910545,0
977,93411,0,100,0.5069975,0.0038994842206011527,0
978,93511,0,100,0.5064697222222223,0.004681117954023648,0
979,93611,0,100,0.5059419444444444,0.0032304764198488557,0
980,93711,0,100,0.5054141666666667,0.004668205353955273,0
981,93811,0,100,0.5048863888888888,0.002875478242058307,0
982,93911,0,100,0.5043586111111111,0.0031163771150750108,0
983,94011,0,100,0.5038308333333333,0.0038706137365079486,0
984,94111,0,100,0.5033030555555555,0.0033566197840264067,0
985,94211,0,100,0.5027752777777779,0.004586278268252499,0
986,94311,0,100,0.5022475,0.0042911904145148585,0
987,94411,0,100,0.5017197222222223,0.004188220965734218,0
988,94511,0,100,0.5011919444444444,0.0039071981253800915,0
989,94611,0,100,0.5006641666666667,0.003650993950723205,0
990,94711,0,100,0.5001363888888889,0.004143285424215719,0
991,94749,0.6579999999999999,38,0.49993583333333336,0.002229662899289427,1
992,94849,0,100,0.49940805555555556,0.004280461319431197,0
993,94949,0,100,0.49888027777777777,0.003815429065434728,0
994,95049,0,100,0.4983525,0.004515611264214386,0
995,95149,0,100,0.4978247222222222,0.004043543087900617,0
996,95249,0,100,0.4972969444444445,0.003819970065378584,0
997,95349,0,100,0.4967691666666667,0.0033413903461769223,0
998,95449,0,100,0.4962413888888889,0.002948636840155814,0
999,95549,0,100,0.4957136111111111,0.003614427555294242,0
1000,95649,0,100,0.4951858333333333,0.0041459597251378,0
1001,95749,0,100,0.49465805555555553,0.0034769974258961156,0
1002,95849,0,100,0.49413027777777774,0.0031121928003267386,0
1003,95913,0.42399999999999993,64,0.49379249999999997,0.004319933096667228,1
1004,96013,0,100,0.4932647222222223,0.0046610489807790145,0
1005,96113,0,100,0.4927369444444445,0.003339101513265632,0
1006,96213,0,100,0.4922091666666667,0.00420433780644089,0
1007,96313,0,100,0.4916813888888889,0.003423314425162971,0
1008,96413,0,100,0.4911536111111111,0.0042179521638900045,0
1009,96513,0,100,0.4906258333333333,0.004703348204493522,0
1010,96613,0,100,0.4900980555555555,0.00370856971188914,0
1011,96713,0,100,0.48957027777777784,0.0038508567257667893,0
1012,96813,0,100,0.48904250000000005,0.00445578893442871,0
1013,96913,0,100,0.48851472222222225,0.004481795353349298,0
1014,97013,0,100,0.48798694444444446,0.0047948145458940414,0
1015,97113,0,100,0.48745916666666667,0.004244273672811687,0
1016,97213,0,100,0.48693138888888887,0.00455679549544584,0
1017,97313,0,100,0.4864036111111111,0.0040547690453240645,0
1018,97413,0,100,0.4858758333333334,0.0046302196537726555,0
1019,97513,0,100,0.4853480555555556,0.004648998216725886,0
1020,97613,0,100,0.4848202777777778,0.005192628967924975,0
1021,97713,0,100,0.4842925,0.005516399603802711,0
1022,97813,0,100,0.4837647222222222,0.003592050995794125,0
1023,97913,0,100,0.4832369444444444,0.0039022143464535475,0
1024,98013,0,100,0.48270916666666663,0.004170808376511559,0
1025,98113,0,100,0.48218138888888895,0.004222613561432808,0
1026,98213,0,100,0.48165361111111116,0.0029491545335622506,0
1027,98313,0,100,0.48112583333333336,0.004311068777751643,0
1028,98413,0,100,0.48059805555555557,0.003976304833777249,0
1029,98479,0.4059999999999999,66,0.4802497222222223,0.0036480981136926198,1
1030,98579,0,100,0.4797219444444445,0.0050419273774605245,0
1031,98582,0.973,3,0.47970611111111117,0.0057588629036520915,1
1032,98682,0,100,0.4791783333333334,0.003500605383887887,0
1033,98729,0.577,47,0.47893027777777775,0.0038484512615275194,1
1034,98829,0,100,0.47840250000000006,0.003994423818076029,0
1035,98896,0.3969999999999999,67,0.47804888888888886,0.004520143222397388,1
1036,98996,0,100,0.4775211111111112,0.0035136922070523723,0
1037,99096,0,100,0.4769933333333334,0.00557269939687103,0
1038,99196,0,100,0.4764655555555556,0.00406048942473717,0
1039,99296,0,100,0.4759377777777778,0.004029230602318421,0
1040,99301,0.955,5,0.47591138888888884,0.010986702656373382,1
1041,99401,0,100,0.47538361111111116,0.003722485406906344,0
1042,99501,0,100,0.47485583333333337,0.004707903706585057,0
1043,99601,0,100,0.47432805555555557,0.00358249225304462,0
1044,99701,0,100,0.4738002777777778,0.003649118752509821,0
1045,99801,0,100,0.4732725,0.003968563969247043,0
1046,99901,0,100,0.4727447222222222,0.0033485542150447144,0
1047,100001,0,100,0.4722169444444444,0.004960872462834232,0
1048,100039,0.6579999999999999,38,0.47201638888888886,0.00259607796875858,1
1049,100139,0,100,0.47148861111111107,0.0038690790641703644,0
1050,100194,0.5049999999999999,55,0.4711983333333334,0.002890117845328694,1
1051,100294,0,100,0.4706705555555556,0.004463534149108455,0
1052,100394,0,100,0.4701427777777778,0.004609522547689267,0
1053,100494,0,100,0.469615,0.004226227513863705,0
1054,100594,0,100,0.4690872222222222,0.005073891489591915,0
1055,100694,0,100,0.4685594444444444,0.004221712902071886,0
1056,100708,0.874,14,0.4684855555555556,0.0026351459049952348,1
1057,100808,0,100,0.4679577777777778,0.003143332554027438,0
1058,100908,0,100,0.46743,0.0033340726263122633,0
1059,101008,0,100,0.4669022222222222,0.004044454914401285,0
1060,101108,0,100,0.4663744444444444,0.0032803633279399947,0
1061,101208,0,100,0.46584666666666663,0.005554178905440494,0
1062,101308,0,100,0.46531888888888895,0.003502333128708415,0
1063,101408,0,100,0.46479111111111115,0.00392261369357584,0
1064,101508,0,100,0.46426333333333336,0.003950671274506021,0
1065,101608,0,100,0.46373555555555557,0.003993398786406033,0
1066,101646,0.6579999999999999,38,0.46353500000000003,0.005230410412064214,1
1067,101746,0,100,0.46300722222222224,0.0034675998182501643,0
1068,101846,0,100,0.46247944444444444,0.004020399736182298,0
1069,101946,0,100,0.46195166666666665,0.00393697163410252,0
1070,102046,0,100,0.46142388888888886,0.004229696280672215,0
1071,102146,0,100,0.4608961111111112,0.004368181527242995,0
1072,102246,0,100,0.4603683333333334,0.0036590281804092227,0
1073,102346,0,100,0.4598405555555556,0.005068089751293883,0
1074,102446,0,100,0.4593127777777778,0.004254775505978614,0
1075,102546,0,100,0.458785,0.004373293343815021,0
1076,102646,0,100,0.4582572222222222,0.0035811941395513715,0
1077,102746,0,100,0.4577294444444444,0.004370574708154891,0
1078,102846,0,100,0.45720166666666673,0.004975232168799266,0
1079,102946,0,100,0.45667388888888893,0.0035635971341980623,0
1080,103046,0,100,0.45614611111111114,0.0047645922578522,0
1081,103146,0,100,0.45561833333333335,0.006124841183191165,0
1082,103199,0.5229999999999999,53,0.45533861111111107,0.0038053795853453987,1
1083,103299,0,100,0.4548108333333334,0.005526310303248465,0
1084,103399,0,100,0.4542830555555556,0.003670144064235501,0
1085,103499,0,100,0.4537552777777778,0.004252606709778775,0
1086,103599,0,100,0.4532275,0.005789331167470664,0
1087,103699,0,100,0.4526997222222222,0.0046617390547180546,0
1088,103799,0,100,0.4521719444444444,0.005704890140041243,0
1089,103899,0,100,0.4516441666666666,0.004848785600042902,0
1090,103999,0,100,0.45111638888888894,0.00545289100438822,0
1091,104099,0,100,0.45058861111111115,0.00477807828458026,0
1092,104141,0.622,42,0.4503669444444445,0.002430259251490324,1
1093,104241,0,100,0.4498391666666667,0.005184658741054591,0
1094,104341,0,100,0.4493113888888889,0.005279463002225384,0
1095,104441,0,100,0.4487836111111111,0.0038530683767748998,0
1096,104541,0,100,0.4482558333333333,0.005629537996719591,0
1097,104641,0,100,0.4477280555555556,0.0050891838804818686,0
1098,104741,0,100,0.4472002777777778,0.005671143654326443,0
1099,104841,0,100,0.44667250000000003,0.003923840355710127,0
1100,104941,0,100,0.44614472222222223,0.004294280693866313,0
1101,105041,0,100,0.44561694444444444,0.0037977042165584863,0
1102,105056,0.865,15,0.4455377777777778,0.00449156742154931,1
1103,105156,0,100,0.44501,0.0036669278756016866,0
1104,105256,0,100,0.4444822222222222,0.00507589106739033,0
1105,105356,0,100,0.44395444444444443,0.004233755407331046,0
1106,105456,0,100,0.44342666666666664,0.003401564415253233,0
1107,105540,0.244,84,0.4429833333333334,0.003403490371142869,1
1108,105640,0,100,0.4424555555555556,0.004327555349154863,0
1109,105740,0,100,0.4419277777777778,0.005364077359554358,0
1110,105840,0,100,0.4414,0.004832670616742689,0
1111,105940,0,100,0.4408722222222222,0.004890355998068117,0
1112,106040,0,100,0.4403444444444444,0.003917021412053146,0
1113,106140,0,100,0.43981666666666663,0.004131151900801342,0
1114,106240,0,100,0.43928888888888895,0.002936436233576387,0
1115,106340,0,100,0.43876111111111116,0.0049293940447387285,0
1116,106440,0,100,0.43823333333333336,0.004737619938096032,0
1117,106540,0,100,0.43770555555555557,0.003652160891215317,0
1118,106640,0,100,0.4371777777777778,0.0037487300165230408,0
1119,106740,0,100,0.43665,0.004671939261024818,0
1120,106840,0,100,0.4361222222222222,0.003916452058474533,0
1121,106940,0,100,0.4355944444444445,0.0036256998221506367,0
1122,107040,0,100,0.4350666666666667,0.003678107231098693,0
1123,107140,0,100,0.4345388888888889,0.004816727309953421,0
1124,107240,0,100,0.4340111111111111,0.0035042282729409635,0
1125,107340,0,100,0.43348333333333333,0.004486028969986364,0
1126,107440,0,100,0.43295555555555554,0.0035555713617941363,0
1127,107540,0,100,0.43242777777777774,0.003885410575021524,0
1128,107640,0,100,0.43190000000000006,0.005226350035518408,0
1129,107740,0,100,0.43137222222222227,0.0037283082961221225,0
1130,107840,0,100,0.4308444444444445,0.005060773255827371,0
1131,107940,0,100,0.4303166666666667,0.003838468714093324,0
1132,108040,0,100,0.4297888888888889,0.0030608044849941506,0
1133,108140,0,100,0.4292611111111111,0.004822026422771159,0
1134,108240,0,100,0.4287333333333333,0.00527768889820436,0
1135,108340,0,100,0.4282055555555556,0.0033883251398219728,0
1136,108440,0,100,0.4276777777777778,0.005055431188375223,0
1137,108540,0,100,0.42715000000000003,0.003693437423789874,0
1138,108640,0,100,0.42662222222222224,0.0051900513254804536,0
1139,108740,0,100,0.42609444444444444,0.0035390298362472095,0
1140,108840,0,100,0.42556666666666665,0.005736566499399487,0
1141,108940,0,100,0.42503888888888885,0.002848027485597413,0
1142,108952,0.892,12,0.42497555555555555,0.005348489144428943,1
1143,109052,0,100,0.42444777777777776,0.0037875565519789236,0
1144,109152,0,100,0.42391999999999996,0.004327179442916531,0
1145,109252,0,100,0.4233922222222223,0.005146735302405432,0
1146,109352,0,100,0.4228644444444445,0.004136737355729565,0
1147,109452,0,100,0.4223366666666667,0.0032209367884206584,0
1148,109552,0,100,0.4218088888888889,0.003822371599380858,0
1149,109652,0,100,0.4212811111111111,0.005020232746610418,0
1150,109752,0,100,0.4207533333333333,0.0030820494453655555,0
1151,109852,0,100,0.4202255555555555,0.003350448341225274,0
1152,109952,0,100,0.41969777777777784,0.0034066135267494246,0
1153,110052,0,100,0.41917000000000004,0.004142972822883166,0
1154,110063,0.901,11,0.41911194444444444,0.005074122873007913,1
1155,110163,0,100,0.41858416666666665,0.0039016672101570295,0
1156,110263,0,100,0.41805638888888885,0.005258050071133767,0
1157,110363,0,100,0.41752861111111117,0.004636493581929244,0
1158,110463,0,100,0.4170008333333334,0.00563912806857843,0
1159,110563,0,100,0.4164730555555556,0.004906841625925153,0
1160,110604,0.631,41,0.4162566666666667,0.004976433183623069,1
1161,110704,0,100,0.4157288888888889,0.0035305856275954285,0
1162,110804,0,100,0.41520111111111113,0.004183579285745509,0
1163,110904,0,100,0.41467333333333334,0.004839233469683677,0
1164,111004,0,100,0.41414555555555554,0.005011469642631709,0
1165,111104,0,100,0.41361777777777775,0.005675047771073877,0
1166,111172,0.3879999999999999,68,0.41325888888888895,0.0037013743550393403,1
1167,111272,0,100,0.41273111111111116,0.004641690046410077,0
1168,111372,0,100,0.41220333333333337,0.005377965834341012,0
1169,111472,0,100,0.4116755555555556,0.0044035553414141755,0
1170,111572,0,100,0.4111477777777778,0.004739849621546455,0
1171,111672,0,100,0.41062,0.004709848552010953,0
1172,111772,0,100,0.4100922222222222,0.005044537283247337,0
1173,111872,0,100,0.4095644444444445,0.004221327434352134,0
1174,111972,0,100,0.4090366666666667,0.005993904092465527,0
1175,112072,0,100,0.4085088888888889,0.002333459277288057,0
1176,112172,0,100,0.4079811111111111,0.0039023501391056924,0
1177,112272,0,100,0.40745333333333333,0.004322887965245172,0
1178,112372,0,100,0.40692555555555554,0.004165734009584412,0
1179,112396,0.784,24,0.40679888888888893,0.005418588970011721,1
1180,112496,0,100,0.40627111111111114,0.00411796519299969,0
1181,112596,0,100,0.40574333333333334,0.0048096967849414795,0
1182,112696,0,100,0.40521555555555555,0.004428261326102074,0
1183,112796,0,100,0.40468777777777776,0.004520242098369636,0
1184,112896,0,100,0.40415999999999996,0.0030150834494270386,0
1185,112899,0.973,3,0.40414416666666664,0.0022563387950261435,1
1186,112999,0,100,0.40361638888888884,0.0033854333983617834,0
1187,113099,0,100,0.40308861111111116,0.004794113388634287,0
1188,113199,0,100,0.40256083333333337,0.005950816645636224,0
1189,113299,0,100,0.4020330555555556,0.004714433309272863,0
1190,113399,0,100,0.4015052777777778,0.0051812630519270896,0
1191,113499,0,100,0.4009775,0.004361843165243045,0
1192,113599,0,100,0.4004497222222222,0.00565552860556636,0
1193,113699,0,100,0.3999219444444444,0.007408475554548204,0
1194,113799,0,100,0.3993941666666667,0.005679326836252585,0
1195,113899,0,100,0.3988663888888889,0.005264712634962052,0
1196,113999,0,100,0.39833861111111113,0.004284848810057156,0
1197,114099,0,100,0.39781083333333334,0.006203450651955791,0
1198,114199,0,100,0.39728305555555554,0.003959167675347998,0
1199,114299,0,100,0.39675527777777775,0.004507807526679244,0
1200,114399,0,100,0.39622749999999995,0.004604198212036863,0
1201,114499,0,100,0.39569972222222227,0.004609625894809142,0
1202,114599,0,100,0.3951719444444445,0.003720944306696765,0
1203,114699,0,100,0.3946441666666667,0.004527599595021457,0
1204,114799,0,100,0.3941163888888889,0.0051094168884446844,0
1205,114899,0,100,0.3935886111111111,0.006086296969733666,0
1206,114999,0,100,0.3930608333333333,0.0057420362246921285,0
1207,115099,0,100,0.3925330555555555,0.003981358736637048,0
1208,115199,0,100,0.3920052777777778,0.004773784904973582,0
1209,115299,0,100,0.39147750000000003,0.006052391483681276,0
1210,115399,0,100,0.39094972222222224,0.005669063809327781,0
1211,115499,0,100,0.39042194444444445,0.004478358790802304,0
1212,115599,0,100,0.38989416666666665,0.0034556303010322155,0
1213,115699,0,100,0.38936638888888886,0.006029789314197842,0
1214,115799,0,100,0.3888386111111112,0.005678782129543833,0
1215,115899,0,100,0.3883108333333334,0.004750835581216961,0
1216,115999,0,100,0.3877830555555556,0.005666004475788213,0
1217,116099,0,100,0.3872552777777778,0.004363851623493247,0
1218,116199,0,100,0.3867275,0.005134946964681149,0
1219,116299,0,100,0.3861997222222222,0.004915587176801637,0
1220,116399,0,100,0.3856719444444444,0.003768309192964807,0
1221,116499,0,100,0.38514416666666673,0.005324812791659497,0
1222,116599,0,100,0.38461638888888894,0.0035674856658442877,0
1223,116640,0.631,41,0.38439999999999996,0.004109342372408364,1
1224,116740,0,100,0.3838722222222223,0.004286444346071221,0
1225,116840,0,100,0.3833444444444445,0.004881738435360603,0
1226,116851,0.901,11,0.3832863888888889,0.0012381436324424365,1
1227,116951,0,100,0.3827586111111111,0.003541146989737172,0
1228,117051,0,100,0.3822308333333333,0.004253560897195712,0
1229,117151,0,100,0.3817030555555556,0.004499631487997249,0
1230,117251,0,100,0.3811752777777778,0.0063676436158129944,0
1231,117351,0,100,0.3806475,0.003389951626886614,0
1232,117451,0,100,0.38011972222222223,0.0040840303205186505,0
1233,117551,0,100,0.37959194444444444,0.0034244465408846737,0
1234,117651,0,100,0.37906416666666665,0.005636830242001452,0
1235,117751,0,100,0.37853638888888885,0.0058447423804318535,0
1236,117851,0,100,0.37800861111111117,0.0035681806184584275,0
1237,117951,0,100,0.3774808333333334,0.004582034674822353,0
1238,118051,0,100,0.3769530555555556,0.005837087745894678,0
1239,118151,0,100,0.3764252777777778,0.005827480655862019,0
1240,118251,0,100,0.3758975,0.004530539123225026,0
1241,118351,0,100,0.3753697222222222,0.005339706316590309,0
1242,118451,0,100,0.3748419444444444,0.00565033326332923,0
1243,118551,0,100,0.3743141666666667,0.005191552389296703,0
1244,118651,0,100,0.37378638888888893,0.005257422157446854,0
1245,118751,0,100,0.37325861111111114,0.0048468480608426035,0
1246,118851,0,100,0.37273083333333334,0.004644546880153939,0
1247,118951,0,100,0.37220305555555555,0.003460202721762471,0
1248,119051,0,100,0.37167527777777776,0.0035569213997223414,0
1249,119151,0,100,0.37114749999999996,0.004864330923883244,0
1250,119251,0,100,0.3706197222222223,0.0050455106043955315,0
1251,119351,0,100,0.3700919444444445,0.004246369419852272,0
1252,119451,0,100,0.3695641666666667,0.004857124629197642,0
1253,119551,0,100,0.3690363888888889,0.004295946570346132,0
1254,119651,0,100,0.3685086111111111,0.004035822494188324,0
1255,119707,0.4959999999999999,56,0.3682130555555556,0.004187062645152244,1
1256,119807,0,100,0.3676852777777778,0.005500169225560967,0
1257,119907,0,100,0.3671575,0.004526495592144784,0
1258,120007,0,100,0.36662972222222223,0.0038984891193103977,0
1259,120107,0,100,0.36610194444444444,0.004657594359305222,0
1260,120207,0,100,0.36557416666666664,0.004911939483718015,0
1261,120307,0,100,0.36504638888888885,0.0047036171058425676,0
1262,120407,0,100,0.36451861111111117,0.005136106071295217,0
1263,120507,0,100,0.3639908333333334,0.00453814502019668,0
1264,120607,0,100,0.3634630555555556,0.005087604615255259,0
1265,120707,0,100,0.3629352777777778,0.004210075695882551,0
1266,120807,0,100,0.3624075,0.0051829610991990195,0
1267,120907,0,100,0.3618797222222222,0.0039260886653210035,0
1268,121007,0,100,0.3613519444444444,0.003382449064520188,0
1269,121107,0,100,0.3608241666666667,0.005833747221040539,0
1270,121207,0,100,0.36029638888888893,0.005783009488950484,0
1271,121307,0,100,0.35976861111111114,0.007051228455384262,0
1272,121407,0,100,0.35924083333333334,0.0067373170831706375,0
1273,121507,0,100,0.35871305555555555,0.003499069039826281,0
1274,121607,0,100,0.35818527777777776,0.004664550926536322,0
1275,121707,0,100,0.35765749999999996,0.0051042735832743345,0
1276,121737,0.73,30,0.3574991666666667,0.004508260034102326,1
1277,121837,0,100,0.3569713888888889,0.0038350050215376543,0
1278,121937,0,100,0.3564436111111111,0.004539022276294418,0
1279,122037,0,100,0.3559158333333333,0.0048902690480463204,0
1280,122137,0,100,0.3553880555555555,0.0049112886085640635,0
1281,122237,0,100,0.35486027777777773,0.004307611936237663,0
1282,122337,0,100,0.35433250000000005,0.004276999950525351,0
1283,122437,0,100,0.35380472222222226,0.004658319465233944,0
1284,122537,0,100,0.35327694444444446,0.004376182513078674,0
1285,122637,0,100,0.35274916666666667,0.005001415817823727,0
1286,122737,0,100,0.3522213888888889,0.005663780196337029,0
1287,122837,0,100,0.3516936111111111,0.0034217917124624363,0
1288,122937,0,100,0.3511658333333334,0.006140508812386543,0
1289,123037,0,100,0.3506380555555556,0.0057960677513619885,0
1290,123137,0,100,0.3501102777777778,0.005201048018643632,0
1291,123237,0,100,0.3495825,0.0028595865465467795,0
1292,123337,0,100,0.3490547222222222,0.0043421742622740565,0
1293,123437,0,100,0.34852694444444443,0.004803643661143724,0
1294,123537,0,100,0.34799916666666664,0.0052324696548748766,0
1295,123637,0,100,0.34747138888888895,0.005453129753004759,0
1296,123737,0,100,0.34694361111111116,0.004994760532281361,0
1297,123837,0,100,0.34641583333333337,0.004279380567022599,0
1298,123937,0,100,0.3458880555555556,0.0061670454422710465,0
1299,124037,0,100,0.3453602777777778,0.0035141145647503438,0
1300,124137,0,100,0.3448325,0.004090369088225998,0
1301,124204,0.3969999999999999,67,0.3444788888888889,0.006251071047197694,1
1302,124224,0.82,20,0.3443733333333333,0.003543254471151158,1
1303,124324,0,100,0.3438455555555555,0.005467528433073312,0
1304,124424,0,100,0.34331777777777783,0.00494863477506442,0
1305,124524,0,100,0.34279000000000004,0.004278319082804956,0
1306,124624,0,100,0.34226222222222225,0.004046651487587951,0
1307,124724,0,100,0.34173444444444445,0.005124402091605589,0
1308,124824,0,100,0.34120666666666666,0.00525336283899378,0
1309,124924,0,100,0.34067888888888886,0.006676248220610432,0
1310,125024,0,100,0.34015111111111107,0.006620772222522647,0
1311,125065,0.631,41,0.3399347222222222,0.006229270613048135,1
1312,125165,0,100,0.3394069444444444,0.0063811854983214285,0
1313,125265,0,100,0.33887916666666673,0.004640858106431551,0
1314,125271,0.946,6,0.33884749999999997,0.0018590838784196724,1
1315,125371,0,100,0.3383197222222223,0.0061219806870212775,0
1316,125471,0.09999999999999998,100,0.3377919444444445,0.004373118788935244,1
1317,125571,0,100,0.3372641666666667,0.00540888455521781,0
1318,125671,0,100,0.3367363888888889,0.005414832957903855,0
1319,125771,0,100,0.3362086111111111,0.005214889998314902,0
1320,125871,0,100,0.3356808333333333,0.005644232905469834,0
1321,125971,0,100,0.3351530555555555,0.005580049762502312,0
1322,126071,0,100,0.33462527777777784,0.005476164479041472,0
1323,126171,0,100,0.33409750000000005,0.004136909340741113,0
1324,126271,0,100,0.33356972222222225,0.004636963372468017,0
1325,126371,0,100,0.33304194444444446,0.007296319368178956,0
1326,126471,0,100,0.33251416666666667,0.0060822541915695185,0
1327,126571,0,100,0.3319863888888889,0.005063054166384973,0
1328,126671,0,100,0.3314586111111111,0.007383554218686186,0
1329,126771,0,100,0.3309308333333334,0.006211192241753451,0
1330,126871,0,100,0.3304030555555556,0.005406827940605581,0
1331,126971,0,100,0.3298752777777778,0.004122566448058933,0
1332,127071,0,100,0.3293475,0.0035335649806074797,0
1333,127171,0,100,0.3288197222222222,0.004309364511282183,0
1334,127271,0,100,0.32829194444444443,0.00576500512426719,0
1335,127371,0,100,0.32776416666666663,0.005026933926856146,0
1336,127471,0,100,0.32723638888888895,0.0038752330862917004,0
1337,127571,0,100,0.32670861111111116,0.004854007897083647,0
1338,127671,0,100,0.32618083333333336,0.0045102226157905535,0
1339,127771,0,100,0.32565305555555557,0.004127191475708969,0
1340,127871,0,100,0.3251252777777778,0.004976138701895252,0
1341,127971,0,100,0.3245975,0.005217079897411167,0
1342,128071,0,100,0.3240697222222222,0.005093450173735619,0
1343,128171,0,100,0.3235419444444445,0.004078128621331416,0
1344,128271,0,100,0.3230141666666667,0.004487011123565025,0
1345,128371,0,100,0.3224863888888889,0.003908079789252952,0
1346,128471,0,100,0.3219586111111111,0.0048197073204210026,0
1347,128571,0,100,0.32143083333333333,0.004307125535269733,0
1348,128671,0,100,0.32090305555555554,0.007301664723781869,0
1349,128771,0,100,0.32037527777777774,0.0063272032106760885,0
1350,128871,0,100,0.31984750000000006,0.006097183605306782,0
1351,128971,0,100,0.31931972222222227,0.006808199352235533,0
1352,129071,0,100,0.3187919444444445,0.00458673287066631,0
1353,129171,0,100,0.3182641666666667,0.00526306145999115,0
1354,129271,0,100,0.3177363888888889,0.0060920246969908476,0
1355,129332,0.45099999999999996,61,0.31741444444444444,0.005978119224653442,1
1356,129432,0,100,0.31688666666666665,0.004508186997845769,0
1357,129532,0,100,0.31635888888888886,0.005740715780411847,0
1358,129632,0,100,0.3158311111111112,0.00624427544826176,0
1359,129732,0,100,0.3153033333333334,0.0034696668985998258,0
1360,129832,0,100,0.3147755555555556,0.0051204786769812926,0
1361,129932,0,100,0.3142477777777778,0.005511946619371884,0
1362,130032,0,100,0.31372,0.004925911552854814,0
1363,130071,0.649,39,0.31351416666666665,0.0051770497931358525,1
1364,130171,0,100,0.31298638888888886,0.00525492201151792,0
1365,130181,0.91,10,0.3129336111111112,0.0018632821680512278,1
1366,130281,0,100,0.3124058333333334,0.005949288524570875,0
1367,130381,0,100,0.3118780555555556,0.006553406062885188,0
1368,130481,0,100,0.3113502777777778,0.005152012139442377,0
1369,130581,0,100,0.3108225,0.005196215637843124,0
1370,130681,0,100,0.3102947222222222,0.0040973290614783765,0
1371,130773,0.17199999999999993,92,0.3098091666666667,0.004485917444981169,1
1372,130873,0,100,0.3092813888888889,0.006859181096369866,0
1373,130973,0,100,0.3087536111111111,0.007355951475328765,0
1374,131073,0,100,0.3082258333333333,0.004958024070365354,0
1375,131173,0,100,0.3076980555555555,0.004658346509095281,0
1376,131273,0,100,0.30717027777777783,0.005873338660458103,0
1377,131373,0,100,0.30664250000000004,0.005176751440158114,0
1378,131473,0,100,0.30611472222222225,0.0028368676407262683,0
1379,131573,0,100,0.30558694444444445,0.004954686201526784,0
1380,131673,0,100,0.30505916666666666,0.005120540969073772,0
1381,131773,0,100,0.30453138888888887,0.00480827325838618,0
1382,131873,0,100,0.30400361111111107,0.005463485367363319,0
1383,131973,0,100,0.3034758333333334,0.005195651730173267,0
1384,132073,0,100,0.3029480555555556,0.0059721386432647705,0
1385,132173,0,100,0.3024202777777778,0.0062830076448153705,0
1386,132246,0.34299999999999997,73,0.30203500000000005,0.005668553282117649,1
1387,132346,0,100,0.30150722222222226,0.0045353515387978405,0
1388,132446,0,100,0.30097944444444447,0.004935970891383476,0
1389,132546,0,100,0.3004516666666667,0.004354654176859185,0
1390,132562,0.856,16,0.30036722222222223,0.0028310634588706307,1
1391,132662,0,100,0.29983944444444444,0.006187490501324646,0
1392,132762,0,100,0.29931166666666664,0.005985978781827725,0
1393,132845,0.253,83,0.2988736111111111,0.005715650957251663,1
1394,132945,0,100,0.2983458333333333,0.005379708565887995,0
1395,133045,0,100,0.2978180555555555,0.006019241332542152,0
1396,133145,0,100,0.29729027777777783,0.004349785745434928,0
1397,133245,0,100,0.29676250000000004,0.006236573520000093,0
1398,133345,0,100,0.29623472222222225,0.005877989839646034,0
1399,133445,0,100,0.29570694444444445,0.005329392536659725,0
1400,133545,0,100,0.29517916666666666,0.0048692318145185706,0
1401,133645,0,100,0.29465138888888887,0.005607394191902131,0
1402,133745,0,100,0.29412361111111107,0.007143062655231915,0
1403,133845,0,100,0.2935958333333334,0.004436181595083326,0
1404,133945,0,100,0.2930680555555556,0.005761055967304855,0
1405,134045,0,100,0.2925402777777778,0.005387950819567777,0
1406,134145,0,100,0.2920125,0.006053237228188664,0
1407,134245,0,100,0.2914847222222222,0.0056655621604295445,0
1408,134345,0,100,0.2909569444444444,0.0069765767478384075,0
1409,134445,0,100,0.2904291666666666,0.007012394032208249,0
1410,134545,0,100,0.28990138888888894,0.004082029211567715,0
1411,134645,0,100,0.28937361111111115,0.005727213300997391,0
1412,134745,0,100,0.28884583333333336,0.0046632292232243345,0
1413,134808,0.43299999999999994,63,0.2885133333333334,0.004569034931057739,1
1414,134908,0,100,0.2879855555555556,0.006143614728352986,0
1415,135008,0,100,0.2874577777777778,0.0064315335283754394,0
1416,135108,0,100,0.28693,0.005020808066474274,0
1417,135208,0,100,0.2864022222222222,0.006071307933889329,0
1418,135308,0,100,0.28587444444444443,0.004939411492669024,0
1419,135408,0,100,0.28534666666666664,0.005554828434251249,0
1420,135508,0,100,0.28481888888888895,0.0070739125815453005,0
1421,135608,0,100,0.28429111111111116,0.007868078478495591,0
1422,135708,0,100,0.28376333333333337,0.006554310284554958,0
1423,135808,0,100,0.2832355555555556,0.004190255886642263,0
1424,135908,0,100,0.2827077777777778,0.0037422393972519783,0
1425,136008,0,100,0.28218,0.005794502822100185,0
1426,136108,0,100,0.2816522222222222,0.0063970293017337095,0
1427,136208,0,100,0.2811244444444445,0.005158733066054993,0
1428,136308,0,100,0.2805966666666667,0.0041497933637583626,0
1429,136408,0,100,0.2800688888888889,0.007806477225094568,0
1430,136508,0,100,0.27954111111111113,0.005010957261547446,0
1431,136608,0,100,0.27901333333333334,0.0055412372446153315,0
1432,136708,0,100,0.27848555555555554,0.0063426931685535235,0
1433,136808,0,100,0.27795777777777775,0.006026868376065977,0
1434,136908,0,100,0.27743000000000007,0.004689373421133496,0
1435,137008,0,100,0.27690222222222227,0.005444640978821553,0
1436,137108,0,100,0.2763744444444445,0.004811657915706746,0
1437,137208,0,100,0.2758466666666667,0.007769237727043219,0
1438,137308,0,100,0.2753188888888889,0.0047352113766828555,0
1439,137408,0,100,0.2747911111111111,0.005635525128454901,0
1440,137508,0,100,0.2742633333333333,0.004086455336073413,0
1441,137608,0,100,0.2737355555555556,0.006063721884274855,0
1442,137627,0.829,19,0.27363527777777774,0.005284186238177905,1
1443,137727,0,100,0.27310750000000006,0.005969505119719542,0
1444,137827,0,100,0.27257972222222226,0.00391824014193844,0
1445,137871,0.604,44,0.27234749999999996,0.004672106280023317,1
1446,137971,0,100,0.2718197222222223,0.00440055655722972,0
1447,138071,0,100,0.2712919444444445,0.006025217536371201,0
1448,138171,0,100,0.2707641666666667,0.005492460639216006,0
1449,138271,0,100,0.2702363888888889,0.005711852685781196,0
1450,138371,0,100,0.2697086111111111,0.004398342436179519,0
1451,138471,0,100,0.2691808333333333,0.005135863602627069,0
1452,138571,0,100,0.2686530555555555,0.005737763624056242,0
1453,138623,0.532,52,0.26837861111111116,0.006507469070269368,1
1454,138723,0,100,0.26785083333333337,0.004812426118878648,0
1455,138823,0,100,0.2673230555555556,0.0059511887666303664,0
1456,138923,0,100,0.2667952777777778,0.005412604679004289,0
1457,139023,0,100,0.2662675,0.006768986493698321,0
1458,139123,0,100,0.2657397222222222,0.004896467548678629,0
1459,139185,0.44199999999999995,62,0.26541250000000005,0.004176692184691708,1
1460,139285,0,100,0.26488472222222226,0.006194805053528398,0
1461,139385,0,100,0.26435694444444446,0.005637582878116518,0
1462,139485,0,100,0.26382916666666667,0.006247512132977136,0
1463,139585,0,100,0.2633013888888889,0.00813258886395488,0
1464,139685,0,100,0.2627736111111111,0.006461204509832896,0
1465,139785,0,100,0.2622458333333334,0.005280636922689155,0
1466,139885,0,100,0.2617180555555556,0.005873914878757205,0
1467,139985,0,100,0.2611902777777778,0.004609813397692051,0
1468,140085,0,100,0.2606625,0.004781365618691779,0
1469,140185,0,100,0.2601347222222222,0.005472282488481142,0
1470,140285,0,100,0.25960694444444443,0.006474325524177402,0
1471,140385,0,100,0.25907916666666664,0.006493721466977149,0
1472,140485,0,100,0.25855138888888896,0.003904444493819028,0
1473,140585,0,100,0.25802361111111116,0.0054111286642728375,0
1474,140685,0,100,0.25749583333333337,0.006612315074307844,0
1475,140785,0,100,0.2569680555555556,0.005631655689212494,0
1476,140885,0,100,0.2564402777777778,0.0059808641934068875,0
1477,140985,0,100,0.2559125,0.00504315743513871,0
1478,141085,0,100,0.2553847222222222,0.006135166801395826,0
1479,141185,0,100,0.2548569444444445,0.005214904354070313,0
1480,141285,0,100,0.2543291666666667,0.0055756851250771435,0
1481,141385,0,100,0.2538013888888889,0.005581130667123944,0
1482,141485,0,100,0.25327361111111113,0.005233932110131718,0
1483,141585,0,100,0.25274583333333334,0.005703022260568105,0
1484,141685,0,100,0.25221805555555554,0.004031578695285134,0
1485,141725,0.6399999999999999,40,0.2520069444444445,0.0056183038097515235,1
1486,141825,0,100,0.2514791666666667,0.0048461137060076,0
1487,141925,0,100,0.2509513888888889,0.00538355611031875,0
1488,142025,0,100,0.2504236111111111,0.0057655059825629,0
1489,142125,0,100,0.24989583333333332,0.004504493425483816,0
1490,142225,0,100,0.24936805555555552,0.005374645268311724,0
1491,142325,0,100,0.24884027777777784,0.004548532877815887,0
1492,142425,0,100,0.24831250000000005,0.0054107741254847495,0
1493,142525,0,100,0.24778472222222225,0.00502380084246397,0
1494,142625,0,100,0.24725694444444446,0.0053573167457943785,0
1495,142725,0,100,0.24672916666666667,0.006166193201206625,0
1496,142798,0.34299999999999997,73,0.24634388888888892,0.0062100380485277775,1
1497,142898,0,100,0.24581611111111112,0.007267551487311721,0
1498,142998,0,100,0.24528833333333333,0.005657063784310594,0
1499,143098,0,100,0.24476055555555554,0.005943286271067336,0
1500,143198,0,100,0.24423277777777774,0.006624364526942372,0
1501,143298,0,100,0.24370500000000006,0.006932618247228675,0
1502,143398,0,100,0.24317722222222227,0.006495391051867045,0
1503,143498,0,100,0.24264944444444447,0.005781526618520729,0
1504,143598,0,100,0.24212166666666668,0.0052828426944324745,0
1505,143698,0,100,0.24159388888888889,0.00677985840535257,0
1506,143798,0,100,0.2410661111111111,0.007269284513313323,0
1507,143898,0,100,0.2405383333333333,0.005858900237362832,0
1508,143998,0,100,0.24001055555555562,0.004455908120726235,0
1509,144098,0,100,0.23948277777777782,0.005995225041406229,0
1510,144198,0,100,0.23895500000000003,0.004257787650567479,0
1511,144232,0.694,34,0.23877555555555552,0.0028213524252778907,1
1512,144332,0,100,0.23824777777777784,0.006657630022382364,0
1513,144432,0,100,0.23772000000000004,0.00436056073900545,0
1514,144532,0,100,0.23719222222222225,0.005174745745025575,0
1515,144632,0,100,0.23666444444444446,0.005611597789102234,0
1516,144732,0,100,0.23613666666666666,0.006330478198360651,0
1517,144832,0,100,0.23560888888888887,0.004548945936840028,0
1518,144932,0,100,0.23508111111111107,0.005168513139360584,0
1519,145032,0,100,0.2345533333333334,0.005542947038193234,0
1520,145132,0,100,0.2340255555555556,0.00473869638692122,0
1521,145232,0,100,0.2334977777777778,0.006866429562796839,0
1522,145332,0,100,0.23297,0.008040381627506577,0
1523,145432,0,100,0.23244222222222222,0.0049411404016427695,0
1524,145532,0,100,0.23191444444444442,0.007148550658603199,0
1525,145632,0,100,0.23138666666666663,0.005868070767028257,0
1526,145732,0,100,0.23085888888888895,0.006013538469560444,0
1527,145832,0,100,0.23033111111111115,0.005018527884385548,0
1528,145932,0,100,0.22980333333333336,0.005059114536270499,0
1529,146032,0,100,0.22927555555555557,0.005159885225002654,0
1530,146132,0,100,0.22874777777777777,0.00615442365349736,0
1531,146232,0,100,0.22821999999999998,0.005039697181782685,0
1532,146332,0,100,0.22769222222222218,0.006824827441596426,0
1533,146432,0,100,0.2271644444444445,0.006004533419036307,0
1534,146532,0,100,0.2266366666666667,0.0055506720114499334,0
1535,146632,0,100,0.22610888888888891,0.006871654277783818,0
1536,146732,0,100,0.22558111111111112,0.006716110436827876,0
1537,146832,0,100,0.22505333333333333,0.004681376182707027,0
1538,146850,0.838,18,0.22495833333333337,0.012241104941090776,1
1539,146950,0,100,0.22443055555555558,0.0055386735161300745,0
1540,147050,0,100,0.22390277777777778,0.008138684985460713,0
1541,147150,0,100,0.223375,0.006941947116865776,0
1542,147250,0,100,0.2228472222222222,0.00698402171547059,0
1543,147350,0,100,0.2223194444444444,0.007184353886405006,0
1544,147450,0,100,0.22179166666666672,0.004971009405853693,0
1545,147550,0,100,0.22126388888888893,0.004837335076299496,0
1546,147650,0,100,0.22073611111111113,0.006062309971894137,0
1547,147750,0,100,0.22020833333333334,0.006128414951381274,0
1548,147850,0,100,0.21968055555555555,0.006748818209744058,0
1549,147903,0.5229999999999999,53,0.21940083333333338,0.004217710083499903,1
1550,148003,0,100,0.21887305555555558,0.007167512942105532,0
1551,148103,0,100,0.2183452777777778,0.004922097192611545,0
1552,148203,0,100,0.2178175,0.0048406801134115085,0
1553,148303,0,100,0.2172897222222222,0.005859729517251253,0
1554,148403,0,100,0.2167619444444444,0.004724371660267934,0
1555,148503,0,100,0.21623416666666673,0.007215735708596185,0
1556,148603,0,100,0.21570638888888893,0.007368378582759761,0
1557,148703,0,100,0.21517861111111114,0.00627763093856629,0
1558,148803,0,100,0.21465083333333335,0.004718605288071558,0
1559,148903,0,100,0.21412305555555555,0.0070036320190411065,0
1560,149003,0,100,0.21359527777777776,0.004969282014062628,0
1561,149103,0,100,0.21306749999999997,0.006997631098493003,0
1562,149203,0,100,0.21253972222222228,0.0058984792063711215,0
1563,149225,0.802,22,0.21242361111111108,0.003059562340653925,1
1564,149325,0,100,0.2118958333333334,0.005949703015503473,0
1565,149425,0,100,0.2113680555555556,0.004116914239712059,0
1566,149525,0,100,0.2108402777777778,0.0065974903665483,0
1567,149625,0,100,0.2103125,0.0056236893514869735,0
1568,149725,0,100,0.20978472222222222,0.0063171126949600875,0
1569,149825,0,100,0.20925694444444443,0.004975356840295717,0
1570,149925,0,100,0.20872916666666663,0.005792379146441817,0
1571,150025,0,100,0.20820138888888895,0.005699781177099794,0
1572,150125,0,100,0.20767361111111116,0.00797245564230252,0
1573,150225,0,100,0.20714583333333336,0.006665259715518914,0
1574,150325,0,100,0.20661805555555557,0.006224995066295378,0
1575,150425,0,100,0.20609027777777778,0.006454014701303095,0
1576,150525,0,100,0.20556249999999998,0.005562628709012643,0
1577,150625,0,100,0.2050347222222222,0.005638962422381155,0
1578,150725,0,100,0.2045069444444445,0.004683196678524837,0
1579,150825,0,100,0.2039791666666667,0.006319930420722812,0
1580,150925,0,100,0.20345138888888892,0.00438221670454368,0
1581,151025,0,100,0.20292361111111112,0.006353792097652331,0
1582,151125,0,100,0.20239583333333333,0.005597938230494037,0
1583,151225,0,100,0.20186805555555554,0.008278880044235848,0
1584,151325,0,100,0.20134027777777774,0.006467040107236244,0
1585,151425,0,100,0.20081250000000006,0.004103337394772097,0
1586,151525,0,100,0.20028472222222227,0.005801970028551295,0
1587,151625,0,100,0.19975694444444447,0.005872747385874391,0
1588,151725,0,100,0.19922916666666668,0.008440412064664997,0
1589,151825,0,100,0.19870138888888889,0.007573606311343611,0
1590,151925,0,100,0.1981736111111111,0.005748590984148904,0
1591,152025,0,100,0.1976458333333333,0.0051989385538036,0
1592,152125,0,100,0.19711805555555562,0.0046673820947762575,0
1593,152225,0,100,0.19659027777777782,0.006722884578630328,0
1594,152325,0,100,0.19606250000000003,0.006460512027260847,0
1595,152425,0,100,0.19553472222222223,0.006200722712092102,0
1596,152525,0,100,0.19500694444444444,0.005683614092413336,0
1597,152625,0,100,0.19447916666666665,0.005894608934759162,0
1598,152725,0,100,0.19395138888888885,0.005389999962644652,0
1599,152825,0,100,0.19342361111111117,0.003935452495934442,0
1600,152925,0,100,0.19289583333333338,0.004889517140691168,0
1601,153025,0,100,0.19236805555555558,0.006899279823992402,0
1602,153125,0,100,0.1918402777777778,0.0051837640599114825,0
1603,153225,0,100,0.1913125,0.004742925681057386,0
1604,153325,0,100,0.1907847222222222,0.006409857246326283,0
1605,153425,0,100,0.1902569444444444,0.005843361266888678,0
1606,153525,0,100,0.18972916666666673,0.005037926835357211,0
1607,153625,0,100,0.18920138888888893,0.005543133710161783,0
1608,153725,0,100,0.18867361111111114,0.005749284945777617,0
1609,153825,0,100,0.18814583333333335,0.0060322277789236975,0
1610,153925,0,100,0.18761805555555555,0.006132720118039288,0
1611,154025,0,100,0.18709027777777776,0.006384532882948406,0
1612,154125,0,100,0.18656249999999996,0.005677278354996815,0
1613,154225,0,100,0.18603472222222228,0.005226779205258936,0
1614,154325,0,100,0.1855069444444445,0.004867546443711035,0
1615,154425,0,100,0.1849791666666667,0.005367918536067009,0
1616,154525,0,100,0.1844513888888889,0.006358327226480469,0
1617,154625,0,100,0.1839236111111111,0.005912778361234814,0
1618,154725,0,100,0.1833958333333333,0.004967482433712576,0
1619,154825,0,100,0.18286805555555552,0.006164118799497373,0
1620,154925,0,100,0.18234027777777784,0.006155398352420889,0
1621,155025,0,100,0.18181250000000004,0.005594742834800854,0
1622,155125,0,100,0.18128472222222225,0.005718050779541954,0
1623,155225,0,100,0.18075694444444446,0.006510833756765351,0
1624,155325,0,100,0.18022916666666666,0.006889757692115381,0
1625,155425,0,100,0.17970138888888887,0.004286197067704052,0
1626,155525,0,100,0.17917361111111108,0.00664517585595604,0
1627,155625,0,100,0.1786458333333334,0.007050020530004986,0
1628,155725,0,100,0.1781180555555556,0.00660597336536739,0
1629,155825,0,100,0.1775902777777778,0.005918281001504511,0
1630,155925,0,100,0.1770625,0.007175897752167657,0
1631,156025,0,100,0.17653472222222222,0.00537170723779127,0
1632,156125,0,100,0.17600694444444442,0.005785752491210588,0
1633,156225,0,100,0.17547916666666663,0.007140154619701206,0
1634,156325,0,100,0.17495138888888895,0.005400603343732655,0
1635,156425,0,100,0.17442361111111115,0.00791788953996729,0
1636,156525,0,100,0.17389583333333336,0.005663008993142284,0
1637,156625,0,100,0.17336805555555557,0.004207122196967248,0
